"id","code_prefix_start","name","name@lv"
"l10n_lv_group_1","1","Active","Activos"
"l10n_lv_group_100_01","100.01","Short-term assets","Activo a corto plazo"
"l10n_lv_group_101","101","Cash","Caja"
"l10n_lv_group_101_01","101.01","Cash in hand","Caja y efectivo"
"l10n_lv_group_102","102","Bank","Banco"
"l10n_lv_group_102_01","102.01","National banks","Bancos nacionales"
"l10n_lv_group_102_02","102.02","Foreign banks","Bancos extranjeros"
"l10n_lv_group_103","103","Investments","Inversiones"
"l10n_lv_group_103_01","103.01","Temporary investments","Inversiones temporales"
"l10n_lv_group_103_02","103.02","Investments in trusts","Inversiones en fideicomisos"
"l10n_lv_group_103_03","103.03","Other investments","Otras inversiones"
"l10n_lv_group_104","104","Other financial instruments","Otros instrumentos financieros"
"l10n_lv_group_104_01","104.01","Other financial instruments","Otros instrumentos financieros"
"l10n_lv_group_105","105","Clients","Clientes"
"l10n_lv_group_105_01","105.01","National customers","Clientes nacionales"
"l10n_lv_group_105_02","105.02","Foreign customers","Clientes extranjeros"
"l10n_lv_group_105_03","105.03","National customers related party","Clientes nacionales parte relacionada"
"l10n_lv_group_105_04","105.04","Foreign customers related party","Clientes extranjeros parte relacionada"
"l10n_lv_group_106","106","Short-term accounts and notes receivable","Cuentas y documentos por cobrar a corto plazo"
"l10n_lv_group_106_01","106.01","Domestic short-term accounts and notes receivable","Cuentas y documentos por cobrar a corto plazo nacional"
"l10n_lv_group_106_02","106.02","Foreign short-term accounts and notes receivable","Cuentas y documentos por cobrar a corto plazo extranjero"
"l10n_lv_group_106_03","106.03","Domestic short-term accounts and notes receivable related party","Cuentas y documentos por cobrar a corto plazo nacional parte relacionada"
"l10n_lv_group_106_04","106.04","Foreign short-term accounts and notes receivable foreign related party","Cuentas y documentos por cobrar a corto plazo extranjero parte relacionada"
"l10n_lv_group_106_05","106.05","Short-term interest receivable domestic","Intereses por cobrar a corto plazo nacional"
"l10n_lv_group_106_06","106.06","Foreign short-term interest receivable","Intereses por cobrar a corto plazo extranjero"
"l10n_lv_group_106_07","106.07","Short-term interest receivable domestic related party","Intereses por cobrar a corto plazo nacional parte relacionada"
"l10n_lv_group_106_08","106.08","Foreign short-term interest receivable foreign related party","Intereses por cobrar a corto plazo extranjero parte relacionada"
"l10n_lv_group_106_09","106.09","Other short-term accounts and notes receivable","Otras cuentas y documentos por cobrar a corto plazo"
"l10n_lv_group_106_10","106.10","Other short-term accounts and notes receivable related party","Otras cuentas y documentos por cobrar a corto plazo parte relacionada"
"l10n_lv_group_107","107","Sundry debtors","Deudores diversos"
"l10n_lv_group_107_01","107.01","Officials and employees","Funcionarios y empleados"
"l10n_lv_group_107_02","107.02","Partners and shareholders","Socios y accionistas"
"l10n_lv_group_107_03","107.03","National related parties","Partes relacionadas nacionales"
"l10n_lv_group_107_04","107.04","Foreign related parties","Partes relacionadas extranjeros"
"l10n_lv_group_107_05","107.05","Other sundry debtors","Otros deudores diversos"
"l10n_lv_group_108","108","Allowance for doubtful accounts","Estimación de cuentas incobrables"
"l10n_lv_group_108_01","108.01","Allowance for doubtful accounts national","Estimación de cuentas incobrables nacional"
"l10n_lv_group_108_02","108.02","Allowance for doubtful accounts foreign","Estimación de cuentas incobrables extranjero"
"l10n_lv_group_108_03","108.03","National allowance for doubtful accounts related party","Estimación de cuentas incobrables nacional parte relacionada"
"l10n_lv_group_108_04","108.04","Allowance for uncollectible accounts foreign related party","Estimación de cuentas incobrables extranjero parte relacionada"
"l10n_lv_group_109","109","Advance payments","Pagos anticipados"
"l10n_lv_group_109_01","109.01","Insurance and bonds paid in advance national","Seguros y fianzas pagados por anticipado nacional"
"l10n_lv_group_109_02","109.02","Prepaid foreign insurance and bonds","Seguros y fianzas pagados por anticipado extranjero"
"l10n_lv_group_109_03","109.03","Prepaid insurance and bonds national prepaid insurance and bonds related party","Seguros y fianzas pagados por anticipado nacional parte relacionada"
"l10n_lv_group_109_04","109.04","Foreign prepaid insurance and bonds foreign prepaid insurance and bonds related party","Seguros y fianzas pagados por anticipado extranjero parte relacionada"
"l10n_lv_group_109_05","109.05","National prepaid rents","Rentas pagados por anticipado nacional"
"l10n_lv_group_109_06","109.06","Foreign prepaid rents","Rentas pagados por anticipado extranjero"
"l10n_lv_group_109_07","109.07","Domestic prepaid rentals related party","Rentas pagados por anticipado nacional parte relacionada"
"l10n_lv_group_109_08","109.08","Foreign prepaid rents foreign related party","Rentas pagados por anticipado extranjero parte relacionada"
"l10n_lv_group_109_09","109.09","Interest paid in advance national","Intereses pagados por anticipado nacional"
"l10n_lv_group_109_10","109.10","Foreign prepaid interest","Intereses pagados por anticipado extranjero"
"l10n_lv_group_109_11","109.11","Interest paid in advance domestic prepaid interest related party","Intereses pagados por anticipado nacional parte relacionada"
"l10n_lv_group_109_12","109.12","Foreign prepaid interest foreign prepaid interest related party","Intereses pagados por anticipado extranjero parte relacionada"
"l10n_lv_group_109_13","109.13","Prepaid financial factoring domestic prepaid financial factoring","Factoraje financiero pagados por anticipado nacional"
"l10n_lv_group_109_14","109.14","Foreign prepaid financial factoring","Factoraje financiero pagados por anticipado extranjero"
"l10n_lv_group_109_15","109.15","Domestic prepaid financial factoring related party","Factoraje financiero pagados por anticipado nacional parte relacionada"
"l10n_lv_group_109_16","109.16","Foreign prepaid financial factoring foreign related party","Factoraje financiero pagados por anticipado extranjero parte relacionada"
"l10n_lv_group_109_17","109.17","National prepaid financial leases","Arrendamiento financiero pagados por anticipado nacional"
"l10n_lv_group_109_18","109.18","Foreign prepaid financial leases","Arrendamiento financiero pagados por anticipado extranjero"
"l10n_lv_group_109_19","109.19","Finance lease prepaid domestic prepaid related party","Arrendamiento financiero pagados por anticipado nacional parte relacionada"
"l10n_lv_group_109_20","109.20","Foreign prepaid finance lease foreign related party","Arrendamiento financiero pagados por anticipado extranjero parte relacionada"
"l10n_lv_group_109_21","109.21","Impairment loss on prepayments","Pérdida por deterioro de pagos anticipados"
"l10n_lv_group_109_22","109.22","Fiduciary rights","Derechos fiduciarios"
"l10n_lv_group_109_23","109.23","Other advance payments","Otros pagos anticipados"
"l10n_lv_group_110","110","Employment subsidy to be applied","Subsidio al empleo por aplicar"
"l10n_lv_group_110_01","110.01","Employment subsidy to be applied","Subsidio al empleo por aplicar"
"l10n_lv_group_111","111","Diesel credit to be credited","Crédito al diesel por acreditar"
"l10n_lv_group_111_01","111.01","Diesel credit to be credited","Crédito al diesel por acreditar"
"l10n_lv_group_112","112","Other stimuli","Otros estímulos"
"l10n_lv_group_112_01","112.01","Other stimuli","Otros estímulos"
"l10n_lv_group_113","113","Tax credit","Impuestos a favor"
"l10n_lv_group_113_01","113.01","VAT receivable","IVA a favor"
"l10n_lv_group_113_02","113.02","Income tax to recover","ISR a favor"
"l10n_lv_group_113_03","113.03","Single Rate Business Tax in favour","IETU a favor"
"l10n_lv_group_113_04","113.04","FDI in favour","IDE a favor"
"l10n_lv_group_113_05","113.05","AI in favour","IA a favor"
"l10n_lv_group_113_06","113.06","Employment subsidy","Subsidio al empleo"
"l10n_lv_group_113_07","113.07","Payment of the undue","Pago de lo indebido"
"l10n_lv_group_113_08","113.08","Other taxes in favour","Otros impuestos a favor"
"l10n_lv_group_114","114","Provisional payments","Pagos provisionales"
"l10n_lv_group_114_01","114.01","Provisional income tax payments","Pagos provisionales de ISR"
"l10n_lv_group_115","115","Inventory","Inventario"
"l10n_lv_group_115_01","115.01","Inventory","Inventario"
"l10n_lv_group_115_02","115.02","Raw materials and materials","Materia prima y materiales"
"l10n_lv_group_115_03","115.03","Production in progress","Producción en proceso"
"l10n_lv_group_115_04","115.04","Finished products","Productos terminados"
"l10n_lv_group_115_05","115.05","Goods in transit","Mercancías en tránsito"
"l10n_lv_group_115_06","115.06","Goods held by third parties","Mercancías en poder de terceros"
"l10n_lv_group_115_07","115.07","Other","Otros"
"l10n_lv_group_116","116","Estimation of obsolete and slow-moving inventories","Estimación de inventarios obsoletos y de lento movimiento"
"l10n_lv_group_116_01","116.01","Estimation of obsolete and slow-moving inventories","Estimación de inventarios obsoletos y de lento movimiento"
"l10n_lv_group_117","117","Real estate works in progress","Obras en proceso de inmuebles"
"l10n_lv_group_117_01","117.01","Real estate works in progress","Obras en proceso de inmuebles"
"l10n_lv_group_118","118","Creditable taxes paid","Impuestos acreditables pagados"
"l10n_lv_group_118_01","118.01","Creditable VAT paid","IVA acreditable pagado"
"l10n_lv_group_118_02","118.02","Creditable import VAT paid","IVA acreditable de importación pagado"
"l10n_lv_group_118_03","118.03","Creditable IEPS paid","IEPS acreditable pagado"
"l10n_lv_group_118_04","118.04","IEPS paid on import","IEPS pagado en importación"
"l10n_lv_group_119","119","Taxes payable","Impuestos acreditables por pagar"
"l10n_lv_group_119_01","119.01","VAT due","IVA pendiente de pago"
"l10n_lv_group_119_02","119.02","Import VAT due","IVA de importación pendiente de pago"
"l10n_lv_group_119_03","119.03","IEPS pending payment","IEPS pendiente de pago"
"l10n_lv_group_119_04","119.04","IEPS pending payment on importation","IEPS pendiente de pago en importación"
"l10n_lv_group_120","120","Advances to suppliers","Anticipo a proveedores"
"l10n_lv_group_120_01","120.01","Advance to national suppliers","Anticipo a proveedores nacional"
"l10n_lv_group_120_02","120.02","Advance payment to foreign suppliers","Anticipo a proveedores extranjero"
"l10n_lv_group_120_03","120.03","Advance to suppliers national related party","Anticipo a proveedores nacional parte relacionada"
"l10n_lv_group_120_04","120.04","Advance to foreign suppliers related party","Anticipo a proveedores extranjero parte relacionada"
"l10n_lv_group_121","121","Other short-term assets","Otros activos a corto plazo"
"l10n_lv_group_121_01","121.01","Other short-term assets","Otros activos a corto plazo"
"l10n_lv_group_100_02","100.02","Long-term assets","Activo a largo plazo"
"l10n_lv_group_151","151","Land","Terrenos"
"l10n_lv_group_151_01","151.01","Land","Terrenos"
"l10n_lv_group_152","152","Buildings","Edificios"
"l10n_lv_group_152_01","152.01","Buildings","Edificios"
"l10n_lv_group_153","153","Machinery and equipment","Maquinaria y equipo"
"l10n_lv_group_153_01","153.01","Machinery and equipment","Maquinaria y equipo"
"l10n_lv_group_154","154","Automobiles, buses, cargo trucks, tractor-trailers, forklifts and trailers","Automóviles, autobuses, camiones de carga, tractocamiones, montacargas y remolques"
"l10n_lv_group_154_01","154.01","Automobiles, buses, cargo trucks, tractor-trailers, forklifts and trailers","Automóviles, autobuses, camiones de carga, tractocamiones, montacargas y remolques"
"l10n_lv_group_155","155","Office furniture and equipment","Mobiliario y equipo de oficina"
"l10n_lv_group_155_01","155.01","Office furniture and equipment","Mobiliario y equipo de oficina"
"l10n_lv_group_156","156","Computer equipment","Equipo de cómputo"
"l10n_lv_group_156_01","156.01","Computer equipment","Equipo de cómputo"
"l10n_lv_group_157","157","Communication equipment","Equipo de comunicación"
"l10n_lv_group_157_01","157.01","Communication equipment","Equipo de comunicación"
"l10n_lv_group_158","158","Biological, plant and livestock assets","Activos biológicos, vegetales y semovientes"
"l10n_lv_group_158_01","158.01","Biological, plant and livestock assets","Activos biológicos, vegetales y semovientes"
"l10n_lv_group_159","159","Work in progress on fixed assets","Obras en proceso de activos fijos"
"l10n_lv_group_159_01","159.01","Work in progress on fixed assets","Obras en proceso de activos fijos"
"l10n_lv_group_160","160","Other fixed assets","Otros activos fijos"
"l10n_lv_group_160_01","160.01","Other fixed assets","Otros activos fijos"
"l10n_lv_group_161","161","Railways","Ferrocarriles"
"l10n_lv_group_161_01","161.01","Railways","Ferrocarriles"
"l10n_lv_group_162","162","Ships","Embarcaciones"
"l10n_lv_group_162_01","162.01","Ships","Embarcaciones"
"l10n_lv_group_163","163","Planes","Aviones"
"l10n_lv_group_163_01","163.01","Planes","Aviones"
"l10n_lv_group_164","164","Tools, dies, moulds, patterns and tooling","Troqueles, moldes, matrices y herramental"
"l10n_lv_group_164_01","164.01","Tools, dies, moulds, patterns and tooling","Troqueles, moldes, matrices y herramental"
"l10n_lv_group_165","165","Telephone communications equipment","Equipo de comunicaciones telefónicas"
"l10n_lv_group_165_01","165.01","Telephone communications equipment","Equipo de comunicaciones telefónicas"
"l10n_lv_group_166","166","Satellite communication equipment","Equipo de comunicación satelital"
"l10n_lv_group_166_01","166.01","Satellite communication equipment","Equipo de comunicación satelital"
"l10n_lv_group_167","167","Adaptation equipment for people with disabilities","Equipo de adaptaciones para personas con capacidades diferentes"
"l10n_lv_group_167_01","167.01","Adaptation equipment for people with disabilities","Equipo de adaptaciones para personas con capacidades diferentes"
"l10n_lv_group_168","168","Machinery and equipment for the generation of energy from renewable sources or efficient combined heat and power (CHP) systems","Maquinaria y equipo de generación de energía de fuentes renovables o de sistemas de cogeneración de electricidad eficiente"
"l10n_lv_group_168_01","168.01","Machinery and equipment for the generation of energy from renewable sources or efficient combined heat and power (CHP) systems","Maquinaria y equipo de generación de energía de fuentes renovables o de sistemas de cogeneración de electricidad eficiente"
"l10n_lv_group_169","169","Other machinery and equipment","Otra maquinaria y equipo"
"l10n_lv_group_169_01","169.01","Other machinery and equipment","Otra maquinaria y equipo"
"l10n_lv_group_170","170","Adaptations and improvements","Adaptaciones y mejoras"
"l10n_lv_group_170_01","170.01","Adaptations and improvements","Adaptaciones y mejoras"
"l10n_lv_group_171","171","Accumulated depreciation of fixed assets","Depreciación acumulada de activos fijos"
"l10n_lv_group_171_01","171.01","Accumulated depreciation of buildings","Depreciación acumulada de edificios"
"l10n_lv_group_171_02","171.02","Accumulated depreciation of machinery and equipment","Depreciación acumulada de maquinaria y equipo"
"l10n_lv_group_171_03","171.03","Accumulated depreciation of cars, buses, cargo trucks, tractor-trailers, forklifts and trailers","Depreciación acumulada de automóviles, autobuses, camiones de carga, tractocamiones, montacargas y remolques"
"l10n_lv_group_171_04","171.04","Accumulated depreciation of office furniture and equipment","Depreciación acumulada de mobiliario y equipo de oficina"
"l10n_lv_group_171_05","171.05","Accumulated depreciation of computer equipment","Depreciación acumulada de equipo de cómputo"
"l10n_lv_group_171_06","171.06","Accumulated depreciation of communication equipment","Depreciación acumulada de equipo de comunicación"
"l10n_lv_group_171_07","171.07","Accumulated depreciation of biological, plant and livestock assets","Depreciación acumulada de activos biológicos, vegetales y semovientes"
"l10n_lv_group_171_08","171.08","Accumulated depreciation of other fixed assets","Depreciación acumulada de otros activos fijos"
"l10n_lv_group_171_09","171.09","Accumulated depreciation of railways","Depreciación acumulada de ferrocarriles"
"l10n_lv_group_171_10","171.10","Accumulated depreciation of ships","Depreciación acumulada de embarcaciones"
"l10n_lv_group_171_11","171.11","Accumulated aircraft depreciation","Depreciación acumulada de aviones"
"l10n_lv_group_171_12","171.12","Accumulated depreciation of dies, moulds, patterns and tooling","Depreciación acumulada de troqueles, moldes, matrices y herramental"
"l10n_lv_group_171_13","171.13","Accumulated depreciation of telephone communications equipment","Depreciación acumulada de equipo de comunicaciones telefónicas"
"l10n_lv_group_171_14","171.14","Accumulated depreciation of satellite communication equipment","Depreciación acumulada de equipo de comunicación satelital"
"l10n_lv_group_171_15","171.15","Accumulated depreciation of adaptive equipment for people with disabilities","Depreciación acumulada de equipo de adaptaciones para personas con capacidades diferentes"
"l10n_lv_group_171_16","171.16","Accumulated depreciation of machinery and equipment for power generation from renewable sources or efficient co-generation systems","Depreciación acumulada de maquinaria y equipo de generación de energía de fuentes renovables o de sistemas de cogeneración de electricidad eficiente"
"l10n_lv_group_171_17","171.17","Accumulated depreciation of adaptations and improvements","Depreciación acumulada de adaptaciones y mejoras"
"l10n_lv_group_171_18","171.18","Accumulated depreciation of other machinery and equipment","Depreciación acumulada de otra maquinaria y equipo"
"l10n_lv_group_172","172","Accumulated impairment loss on fixed assets","Pérdida por deterioro acumulado de activos fijos"
"l10n_lv_group_172_01","172.01","Accumulated impairment loss on buildings","Pérdida por deterioro acumulado de edificios"
"l10n_lv_group_172_02","172.02","Accumulated impairment loss on machinery and equipment","Pérdida por deterioro acumulado de maquinaria y equipo"
"l10n_lv_group_172_03","172.03","Loss from accumulated impairment of automobiles, buses, cargo trucks, tractor-trailers, forklifts and trailers","Pérdida por deterioro acumulado de automóviles, autobuses, camiones de carga, tractocamiones, montacargas y remolques"
"l10n_lv_group_172_04","172.04","Accumulated impairment loss on office furniture and equipment","Pérdida por deterioro acumulado de mobiliario y equipo de oficina"
"l10n_lv_group_172_05","172.05","Accumulated impairment loss on computer equipment","Pérdida por deterioro acumulado de equipo de cómputo"
"l10n_lv_group_172_06","172.06","Accumulated impairment loss on communication equipment","Pérdida por deterioro acumulado de equipo de comunicación"
"l10n_lv_group_172_07","172.07","Accumulated impairment loss on biological assets, plants and livestock","Pérdida por deterioro acumulado de activos biológicos, vegetales y semovientes"
"l10n_lv_group_172_08","172.08","Accumulated impairment loss on other fixed assets","Pérdida por deterioro acumulado de otros activos fijos"
"l10n_lv_group_172_09","172.09","Accumulated impairment loss on railways","Pérdida por deterioro acumulado de ferrocarriles"
"l10n_lv_group_172_10","172.10","Accumulated impairment loss on ships","Pérdida por deterioro acumulado de embarcaciones"
"l10n_lv_group_172_11","172.11","Accumulated impairment loss on aircraft","Pérdida por deterioro acumulado de aviones"
"l10n_lv_group_172_12","172.12","Accumulated impairment loss on dies, moulds, patterns and tooling","Pérdida por deterioro acumulado de troqueles, moldes, matrices y herramental"
"l10n_lv_group_172_13","172.13","Accumulated impairment loss on telephone communication equipment","Pérdida por deterioro acumulado de equipo de comunicaciones telefónicas"
"l10n_lv_group_172_14","172.14","Accumulated impairment loss of satellite communication equipment","Pérdida por deterioro acumulado de equipo de comunicación satelital"
"l10n_lv_group_172_15","172.15","Loss due to accumulated impairment of adaptive equipment for people with disabilities","Pérdida por deterioro acumulado de equipo de adaptaciones para personas con capacidades diferentes"
"l10n_lv_group_172_16","172.16","Accumulated impairment loss on machinery and equipment for the generation of energy from renewable sources or efficient combined heat and power systems","Pérdida por deterioro acumulado de maquinaria y equipo de generación de energía de fuentes renovables o de sistemas de cogeneración de electricidad eficiente"
"l10n_lv_group_172_17","172.17","Accumulated impairment loss on adaptations and improvements","Pérdida por deterioro acumulado de adaptaciones y mejoras"
"l10n_lv_group_172_18","172.18","Accumulated impairment loss on other machinery and equipment","Pérdida por deterioro acumulado de otra maquinaria y equipo"
"l10n_lv_group_173","173","Deferred expenditure","Gastos diferidos"
"l10n_lv_group_173_01","173.01","Deferred expenditure","Gastos diferidos"
"l10n_lv_group_174","174","Pre-operational expenditure","Gastos pre operativos"
"l10n_lv_group_174_01","174.01","Pre-operational expenditure","Gastos pre operativos"
"l10n_lv_group_175","175","Royalties, technical assistance and other deferred expenses","Regalías, asistencia técnica y otros gastos diferidos"
"l10n_lv_group_175_01","175.01","Royalties, technical assistance and other deferred expenses","Regalías, asistencia técnica y otros gastos diferidos"
"l10n_lv_group_176","176","Activos intangibles","Activos intangibles"
"l10n_lv_group_176_01","176.01","Activos intangibles","Activos intangibles"
"l10n_lv_group_177","177","Gastos de organización","Gastos de organización"
"l10n_lv_group_177_01","177.01","Gastos de organización","Gastos de organización"
"l10n_lv_group_178","178","Investigación y desarrollo de mercado","Investigación y desarrollo de mercado"
"l10n_lv_group_178_01","178.01","Investigación y desarrollo de mercado","Investigación y desarrollo de mercado"
"l10n_lv_group_179","179","Trademarks and patents","Marcas y patentes"
"l10n_lv_group_179_01","179.01","Trademarks and patents","Marcas y patentes"
"l10n_lv_group_180","180","Goodwill","Crédito mercantil"
"l10n_lv_group_180_01","180.01","Goodwill","Crédito mercantil"
"l10n_lv_group_181","181","Installation costs","Gastos de instalación"
"l10n_lv_group_181_01","181.01","Installation costs","Gastos de instalación"
"l10n_lv_group_182","182","Other deferred assets","Otros activos diferidos"
"l10n_lv_group_182_01","182.01","Other deferred assets","Otros activos diferidos"
"l10n_lv_group_183","183","Accumulated amortisation of deferred assets","Amortización acumulada de activos diferidos"
"l10n_lv_group_183_01","183.01","Accumulated amortisation of deferred expenses","Amortización acumulada de gastos diferidos"
"l10n_lv_group_183_02","183.02","Accumulated amortisation of pre-operating expenses","Amortización acumulada de gastos pre operativos"
"l10n_lv_group_183_03","183.03","Accrued amortisation of royalties, technical assistance and other deferred expenses","Amortización acumulada de regalías, asistencia técnica y otros gastos diferidos"
"l10n_lv_group_183_04","183.04","Accumulated amortisation of intangible assets","Amortización acumulada de activos intangibles"
"l10n_lv_group_183_05","183.05","Accumulated amortisation of organisational costs","Amortización acumulada de gastos de organización"
"l10n_lv_group_183_06","183.06","Accumulated amortisation of market research and development","Amortización acumulada de investigación y desarrollo de mercado"
"l10n_lv_group_183_07","183.07","Accumulated amortisation of trademarks and patents","Amortización acumulada de marcas y patentes"
"l10n_lv_group_183_08","183.08","Accumulated amortisation of goodwill","Amortización acumulada de crédito mercantil"
"l10n_lv_group_183_09","183.09","Accumulated depreciation of installation costs","Amortización acumulada de gastos de instalación"
"l10n_lv_group_183_10","183.10","Accumulated amortisation of other deferred assets","Amortización acumulada de otros activos diferidos"
"l10n_lv_group_184","184","Guarantee deposits","Depósitos en garantía"
"l10n_lv_group_184_01","184.01","Security deposits","Depósitos de fianzas"
"l10n_lv_group_184_02","184.02","Deposits from the lease of real estate","Depósitos de arrendamiento de bienes inmuebles"
"l10n_lv_group_184_03","184.03","Other security deposits","Otros depósitos en garantía"
"l10n_lv_group_185","185","Deferred taxes","Impuestos diferidos"
"l10n_lv_group_185_01","185.01","Deferred income taxes","Impuestos diferidos ISR"
"l10n_lv_group_186","186","Long-term accounts and notes receivable","Cuentas y documentos por cobrar a largo plazo"
"l10n_lv_group_186_01","186.01","Long-term accounts and notes receivable domestic","Cuentas y documentos por cobrar a largo plazo nacional"
"l10n_lv_group_186_02","186.02","Foreign long-term accounts and notes receivable","Cuentas y documentos por cobrar a largo plazo extranjero"
"l10n_lv_group_186_03","186.03","Long-term accounts and notes receivable domestic related party","Cuentas y documentos por cobrar a largo plazo nacional parte relacionada"
"l10n_lv_group_186_04","186.04","Long-term accounts and notes receivable foreign related party","Cuentas y documentos por cobrar a largo plazo extranjero parte relacionada"
"l10n_lv_group_186_05","186.05","Long-term interest receivable domestic","Intereses por cobrar a largo plazo nacional"
"l10n_lv_group_186_06","186.06","Foreign long-term interest receivable","Intereses por cobrar a largo plazo extranjero"
"l10n_lv_group_186_07","186.07","Long-term interest receivable domestic related party","Intereses por cobrar a largo plazo nacional parte relacionada"
"l10n_lv_group_186_08","186.08","Foreign long-term interest receivable foreign related party","Intereses por cobrar a largo plazo extranjero parte relacionada"
"l10n_lv_group_186_09","186.09","Other long-term accounts and notes receivable","Otras cuentas y documentos por cobrar a largo plazo"
"l10n_lv_group_186_10","186.10","Other long-term accounts and notes receivable related party","Otras cuentas y documentos por cobrar a largo plazo parte relacionada"
"l10n_lv_group_187","187","Employee deferred profit sharing","Participación de los trabajadores en las utilidades diferidas"
"l10n_lv_group_187_01","187.01","Employee deferred profit sharing","Participación de los trabajadores en las utilidades diferidas"
"l10n_lv_group_188","188","Permanent equity investments","Inversiones permanentes en acciones"
"l10n_lv_group_188_01","188.01","Long-term investments in subsidiaries","Inversiones a largo plazo en subsidiarias"
"l10n_lv_group_188_02","188.02","Long-term investments in associates","Inversiones a largo plazo en asociadas"
"l10n_lv_group_188_03","188.03","Other permanent investments in shares","Otras inversiones permanentes en acciones"
"l10n_lv_group_189","189","Allowance for impairment of permanent investments in shares","Estimación por deterioro de inversiones permanentes en acciones"
"l10n_lv_group_189_01","189.01","Allowance for impairment of permanent investments in shares","Estimación por deterioro de inversiones permanentes en acciones"
"l10n_lv_group_190","190","Other financial instruments","Otros instrumentos financieros"
"l10n_lv_group_190_01","190.01","Other financial instruments","Otros instrumentos financieros"
"l10n_lv_group_191","191","Other long-term assets","Otros activos a largo plazo"
"l10n_lv_group_191_01","191.01","Other long-term assets","Otros activos a largo plazo"
"l10n_lv_group_2","2","Passive","Pasivos"
"l10n_lv_group_200_01","200.01","Short-term liabilities","Pasivo a corto plazo"
"l10n_lv_group_201","201","Suppliers","Proveedores"
"l10n_lv_group_201_01","201.01","National suppliers","Proveedores nacionales"
"l10n_lv_group_201_02","201.02","Foreign suppliers","Proveedores extranjeros"
"l10n_lv_group_201_03","201.03","National suppliers related party","Proveedores nacionales parte relacionada"
"l10n_lv_group_201_04","201.04","Foreign suppliers related party","Proveedores extranjeros parte relacionada"
"l10n_lv_group_202","202","Short-term accounts payable","Cuentas por pagar a corto plazo"
"l10n_lv_group_202_01","202.01","Domestic bank and financial payables","Documentos por pagar bancario y financiero nacional"
"l10n_lv_group_202_02","202.02","Foreign bank and financial notes payable","Documentos por pagar bancario y financiero extranjero"
"l10n_lv_group_202_03","202.03","Domestic short-term notes and accounts payable","Documentos y cuentas por pagar a corto plazo nacional"
"l10n_lv_group_202_04","202.04","Foreign short-term notes and accounts payable","Documentos y cuentas por pagar a corto plazo extranjero"
"l10n_lv_group_202_05","202.05","Domestic short-term notes and accounts payable related party","Documentos y cuentas por pagar a corto plazo nacional parte relacionada"
"l10n_lv_group_202_06","202.06","Foreign short-term notes and accounts payable foreign related party","Documentos y cuentas por pagar a corto plazo extranjero parte relacionada"
"l10n_lv_group_202_07","202.07","Short-term interest payable domestic","Intereses por pagar a corto plazo nacional"
"l10n_lv_group_202_08","202.08","Foreign short-term interest payable","Intereses por pagar a corto plazo extranjero"
"l10n_lv_group_202_09","202.09","Short-term interest payable domestic related party","Intereses por pagar a corto plazo nacional parte relacionada"
"l10n_lv_group_202_10","202.10","Foreign short-term interest payable foreign related party","Intereses por pagar a corto plazo extranjero parte relacionada"
"l10n_lv_group_202_11","202.11","Domestic dividend payable","Dividendo por pagar nacional"
"l10n_lv_group_202_12","202.12","Foreign dividend payable","Dividendo por pagar extranjero"
"l10n_lv_group_203","203","Short-term prepayments","Cobros anticipados a corto plazo"
"l10n_lv_group_203_01","203.01","Domestic short term prepaid income","Rentas cobradas por anticipado a corto plazo nacional"
"l10n_lv_group_203_02","203.02","Foreign short-term prepaid foreign income","Rentas cobradas por anticipado a corto plazo extranjero"
"l10n_lv_group_203_03","203.03","Short-term prepaid national rents related party","Rentas cobradas por anticipado a corto plazo nacional parte relacionada"
"l10n_lv_group_203_04","203.04","Short-term foreign prepaid foreign income related party","Rentas cobradas por anticipado a corto plazo extranjero parte relacionada"
"l10n_lv_group_203_05","203.05","Short-term interest received in advance nationally","Intereses cobrados por anticipado a corto plazo nacional"
"l10n_lv_group_203_06","203.06","Short-term foreign interest collected in advance","Intereses cobrados por anticipado a corto plazo extranjero"
"l10n_lv_group_203_07","203.07","Short-term interest received in advance national related party","Intereses cobrados por anticipado a corto plazo nacional parte relacionada"
"l10n_lv_group_203_08","203.08","Short-term interest received in advance foreign related party","Intereses cobrados por anticipado a corto plazo extranjero parte relacionada"
"l10n_lv_group_203_09","203.09","Domestic short-term factoring of cash collected in advance","Factoraje financiero cobrados por anticipado a corto plazo nacional"
"l10n_lv_group_203_10","203.10","Foreign short-term advance factoring receivables","Factoraje financiero cobrados por anticipado a corto plazo extranjero"
"l10n_lv_group_203_11","203.11","Financial factoring short term prepaid domestic related party","Factoraje financiero cobrados por anticipado a corto plazo nacional parte relacionada"
"l10n_lv_group_203_12","203.12","Financial factoring short-term prepaid foreign related parties","Factoraje financiero cobrados por anticipado a corto plazo extranjero parte relacionada"
"l10n_lv_group_203_13","203.13","Short-term prepaid national finance leases","Arrendamiento financiero cobrados por anticipado a corto plazo nacional"
"l10n_lv_group_203_14","203.14","Foreign short term prepaid finance leases","Arrendamiento financiero cobrados por anticipado a corto plazo extranjero"
"l10n_lv_group_203_15","203.15","Finance leases collected in advance at short term domestic related party","Arrendamiento financiero cobrados por anticipado a corto plazo nacional parte relacionada"
"l10n_lv_group_203_16","203.16","Finance leases collected in advance in the short term foreign related party","Arrendamiento financiero cobrados por anticipado a corto plazo extranjero parte relacionada"
"l10n_lv_group_203_17","203.17","Fiduciary rights","Derechos fiduciarios"
"l10n_lv_group_203_18","203.18","Other advance receipts","Otros cobros anticipados"
"l10n_lv_group_204","204","Short-term financial instruments","Instrumentos financieros a corto plazo"
"l10n_lv_group_204_01","204.01","Short-term financial instruments","Instrumentos financieros a corto plazo"
"l10n_lv_group_205","205","Short-term sundry creditors","Acreedores diversos a corto plazo"
"l10n_lv_group_205_01","205.01","Partners, shareholders or legal representative","Socios, accionistas o representante legal"
"l10n_lv_group_205_02","205.02","Domestic short-term sundry creditors","Acreedores diversos a corto plazo nacional"
"l10n_lv_group_205_03","205.03","Foreign short-term sundry creditors","Acreedores diversos a corto plazo extranjero"
"l10n_lv_group_205_04","205.04","Short-term sundry creditors national related party","Acreedores diversos a corto plazo nacional parte relacionada"
"l10n_lv_group_205_05","205.05","Foreign short-term sundry creditors foreign related party","Acreedores diversos a corto plazo extranjero parte relacionada"
"l10n_lv_group_205_06","205.06","Other short-term sundry creditors","Otros acreedores diversos a corto plazo"
"l10n_lv_group_206","206","Customer advance","Anticipo de cliente"
"l10n_lv_group_206_01","206.01","Domestic customer advance","Anticipo de cliente nacional"
"l10n_lv_group_206_02","206.02","Advance payment from foreign customer","Anticipo de cliente extranjero"
"l10n_lv_group_206_03","206.03","Advance from domestic customer related party","Anticipo de cliente nacional parte relacionada"
"l10n_lv_group_206_04","206.04","Advance from foreign customer related party","Anticipo de cliente extranjero parte relacionada"
"l10n_lv_group_206_05","206.05","Other customer advances","Otros anticipos de clientes"
"l10n_lv_group_207","207","Taxes carried forward","Impuestos trasladados"
"l10n_lv_group_207_01","207.01","VAT carried forward","IVA trasladado"
"l10n_lv_group_207_02","207.02","IEPS carried forward","IEPS trasladado"
"l10n_lv_group_208","208","Taxes carried forward collected","Impuestos trasladados cobrados"
"l10n_lv_group_208_01","208.01","VAT carried forward collected","IVA trasladado cobrado"
"l10n_lv_group_208_02","208.02","IEPS carried forward collected","IEPS trasladado cobrado"
"l10n_lv_group_209","209","Uncollected taxes carried forward","Impuestos trasladados no cobrados"
"l10n_lv_group_209_01","209.01","VAT carried forward not collected","IVA trasladado no cobrado"
"l10n_lv_group_209_02","209.02","IEPS carried forward not collected","IEPS trasladado no cobrado"
"l10n_lv_group_210","210","Provision for wages and salaries payable","Provisión de sueldos y salarios por pagar"
"l10n_lv_group_210_01","210.01","Provision for wages and salaries payable","Provisión de sueldos y salarios por pagar"
"l10n_lv_group_210_02","210.02","Provision for holidays payable","Provisión de vacaciones por pagar"
"l10n_lv_group_210_03","210.03","Provision for Christmas bonus payable","Provisión de aguinaldo por pagar"
"l10n_lv_group_210_04","210.04","Savings fund provision payable","Provisión de fondo de ahorro por pagar"
"l10n_lv_group_210_05","210.05","Provision for similar salaries payable","Provisión de asimilados a salarios por pagar"
"l10n_lv_group_210_06","210.06","Provisions for advances or unallocated surpluses","Provisión de anticipos o remanentes por distribuir"
"l10n_lv_group_210_07","210.07","Provision for other wages and salaries payable","Provisión de otros sueldos y salarios por pagar"
"l10n_lv_group_211","211","Provision for social security contributions payable","Provisión de contribuciones de seguridad social por pagar"
"l10n_lv_group_211_01","211.01","Employer's IMSS provision payable","Provisión de IMSS patronal por pagar"
"l10n_lv_group_211_02","211.02","Provision for SAR payable","Provisión de SAR por pagar"
"l10n_lv_group_211_03","211.03","Infonavit provision payable","Provisión de infonavit por pagar"
"l10n_lv_group_212","212","Provision for state payroll tax payable","Provisión de impuesto estatal sobre nómina por pagar"
"l10n_lv_group_212_01","212.01","Provision for state payroll tax payable","Provisión de impuesto estatal sobre nómina por pagar"
"l10n_lv_group_213","213","Taxes and duties payable","Impuestos y derechos por pagar"
"l10n_lv_group_213_01","213.01","VAT payable","IVA por pagar"
"l10n_lv_group_213_02","213.02","IEPS payable","IEPS por pagar"
"l10n_lv_group_213_03","213.03","Income tax payable","ISR a favor"
"l10n_lv_group_213_04","213.04","State payroll tax payable","Impuesto estatal sobre nómina por pagar"
"l10n_lv_group_213_05","213.05","State and municipal tax payable","Impuesto estatal y municipal por pagar"
"l10n_lv_group_213_06","213.06","Duties payable","Derechos por pagar"
"l10n_lv_group_213_07","213.07","Other taxes payable","Otros impuestos por pagar"
"l10n_lv_group_214","214","Dividends payable","Dividendos por pagar"
"l10n_lv_group_214_01","214.01","Dividends payable","Dividendos por pagar"
"l10n_lv_group_215","215","Employees' Statutory Profit Sharing Payable","PTU por pagar"
"l10n_lv_group_215_01","215.01","Employees' Statutory Profit Sharing Payable","PTU por pagar"
"l10n_lv_group_215_02","215.02","Employees' Statutory Profit Sharing payable from previous years","PTU por pagar de ejercicios anteriores"
"l10n_lv_group_215_03","215.03","Workers' Profit Sharing Provision Payable","Provisión de PTU por pagar"
"l10n_lv_group_216","216","Taxes withheld","Impuestos retenidos"
"l10n_lv_group_216_01","216.01","Taxes withheld from income tax on wages and salaries","Impuestos retenidos de ISR por sueldos y salarios"
"l10n_lv_group_216_02","216.02","Taxes withheld from income tax for similar to salaries","Impuestos retenidos de ISR por asimilados a salarios"
"l10n_lv_group_216_03","216.03","Withholding of income tax for leasing","Impuestos retenidos de ISR por arrendamiento"
"l10n_lv_group_216_04","216.04","Taxes withheld from income tax for professional services","Impuestos retenidos de ISR por servicios profesionales"
"l10n_lv_group_216_05","216.05","Taxes withheld from income tax on dividends","Impuestos retenidos de ISR por dividendos"
"l10n_lv_group_216_06","216.06","Income tax withheld on interest","Impuestos retenidos de ISR por intereses"
"l10n_lv_group_216_07","216.07","Withholding of income tax on payments abroad","Impuestos retenidos de ISR por pagos al extranjero"
"l10n_lv_group_216_08","216.08","Withholding of income tax on sale of shares","Impuestos retenidos de ISR por venta de acciones"
"l10n_lv_group_216_09","216.09","Withholding of income tax on sale of shares","Impuestos retenidos de ISR por venta de acciones"
"l10n_lv_group_216_10","216.10","VAT withholding taxes","Impuestos retenidos de IVA"
"l10n_lv_group_216_11","216.11","IMSS withholdings from workers","Retenciones de IMSS a los trabajadores"
"l10n_lv_group_216_12","216.12","Other withholding taxes","Otras impuestos retenidos"
"l10n_lv_group_217","217","Payments made on behalf of third parties","Pagos realizados por cuenta de terceros"
"l10n_lv_group_217_01","217.01","Payments made on behalf of third parties","Pagos realizados por cuenta de terceros"
"l10n_lv_group_218","218","Other short-term liabilities","Otros pasivos a corto plazo"
"l10n_lv_group_218_01","218.01","Other short-term liabilities","Otros pasivos a corto plazo"
"l10n_lv_group_200_02","200.02","Long-term liabilities","Pasivo a largo plazo"
"l10n_lv_group_251","251","Long-term sundry creditors","Acreedores diversos a largo plazo"
"l10n_lv_group_251_01","251.01","Partners, shareholders or legal representative","Socios, accionistas o representante legal"
"l10n_lv_group_251_02","251.02","Long-term sundry creditors national","Acreedores diversos a largo plazo nacional"
"l10n_lv_group_251_03","251.03","Long-term sundry creditors foreign","Acreedores diversos a largo plazo extranjero"
"l10n_lv_group_251_04","251.04","Long-term sundry creditors national related party","Acreedores diversos a largo plazo nacional parte relacionada"
"l10n_lv_group_251_05","251.05","Long-term sundry accounts payable foreign related party","Acreedores diversos a largo plazo extranjero parte relacionada"
"l10n_lv_group_251_06","251.06","Other long-term sundry creditors","Otros acreedores diversos a largo plazo"
"l10n_lv_group_252","252","Long-term accounts payable","Cuentas por pagar a largo plazo"
"l10n_lv_group_252_01","252.01","Long-term bank and financial notes payable domestic","Documentos bancarios y financieros por pagar a largo plazo nacional"
"l10n_lv_group_252_02","252.02","Long-term foreign bank and financial notes payable","Documentos bancarios y financieros por pagar a largo plazo extranjero"
"l10n_lv_group_252_03","252.03","Long-term notes and accounts payable national","Documentos y cuentas por pagar a largo plazo nacional"
"l10n_lv_group_252_04","252.04","Foreign long-term notes and accounts payable","Documentos y cuentas por pagar a largo plazo extranjero"
"l10n_lv_group_252_05","252.05","Long-term notes and accounts payable national related party","Documentos y cuentas por pagar a largo plazo nacional parte relacionada"
"l10n_lv_group_252_06","252.06","Foreign long-term notes and accounts payable foreign related party","Documentos y cuentas por pagar a largo plazo extranjero parte relacionada"
"l10n_lv_group_252_07","252.07","Long-term mortgages payable national","account_subgroup_hipotecas_por_pagar_a_largo_plazo_nacional"
"l10n_lv_group_252_08","252.08","Long-term foreign mortgages payable","Hipotecas por pagar a largo plazo extranjero"
"l10n_lv_group_252_09","252.09","Long-term mortgages payable domestic related party","Hipotecas por pagar a largo plazo nacional parte relacionada"
"l10n_lv_group_252_10","252.10","Long-term mortgages payable foreign related party","Hipotecas por pagar a largo plazo extranjero parte relacionada"
"l10n_lv_group_252_11","252.11","Long-term interest payable domestic","Intereses por pagar a largo plazo nacional"
"l10n_lv_group_252_12","252.12","Foreign long-term interest payable","Intereses por pagar a largo plazo extranjero"
"l10n_lv_group_252_13","252.13","Long-term interest payable domestic related party","Intereses por pagar a largo plazo nacional parte relacionada"
"l10n_lv_group_252_14","252.14","Foreign long-term interest payable foreign related party","Intereses por pagar a largo plazo extranjero parte relacionada"
"l10n_lv_group_252_15","252.15","Domestic dividends payable","Dividendos por pagar nacionales"
"l10n_lv_group_252_16","252.16","Foreign dividends payable","Dividendos por pagar extranjeros"
"l10n_lv_group_252_17","252.17","Other long-term accounts and notes payable","Otras cuentas y documentos por pagar a largo plazo"
"l10n_lv_group_253","253","Long-term prepayments","Cobros anticipados a largo plazo"
"l10n_lv_group_253_01","253.01","National long-term income collected in advance","Rentas cobradas por anticipado a largo plazo nacional"
"l10n_lv_group_253_02","253.02","Foreign long-term prepaid foreign income","Rentas cobradas por anticipado a largo plazo extranjero"
"l10n_lv_group_253_03","253.03","Long-term prepaid national annuities related party","Rentas cobradas por anticipado a largo plazo nacional parte relacionada"
"l10n_lv_group_253_04","253.04","Long-term prepaid foreign annuities foreign related party","Rentas cobradas por anticipado a largo plazo extranjero parte relacionada"
"l10n_lv_group_253_05","253.05","Domestic long-term interest collected in advance","Intereses cobrados por anticipado a largo plazo nacional"
"l10n_lv_group_253_06","253.06","Foreign long-term interest collected in advance","Intereses cobrados por anticipado a largo plazo extranjero"
"l10n_lv_group_253_07","253.07","Long-term interest received in advance national related party","Intereses cobrados por anticipado a largo plazo nacional parte relacionada"
"l10n_lv_group_253_08","253.08","Long-term interest received in advance foreign related party","Intereses cobrados por anticipado a largo plazo extranjero parte relacionada"
"l10n_lv_group_253_09","253.09","Financial factoring long-term prepaid domestic factoring","Factoraje financiero cobrados por anticipado a largo plazo nacional"
"l10n_lv_group_253_10","253.10","Long-term prepaid foreign factoring","Factoraje financiero cobrados por anticipado a largo plazo extranjero"
"l10n_lv_group_253_11","253.11","Financial factoring long term prepaid domestic related party","Factoraje financiero cobrados por anticipado a largo plazo nacional parte relacionada"
"l10n_lv_group_253_12","253.12","Financial factoring long-term prepaid foreign related parties","Factoraje financiero cobrados por anticipado a largo plazo extranjero parte relacionada"
"l10n_lv_group_253_13","253.13","Long-term prepaid national finance leases","Arrendamiento financiero cobrados por anticipado a largo plazo nacional"
"l10n_lv_group_253_14","253.14","Foreign long term prepaid finance leases","Arrendamiento financiero cobrados por anticipado a largo plazo extranjero"
"l10n_lv_group_253_15","253.15","Long-term prepaid finance leases domestic related party","Arrendamiento financiero cobrados por anticipado a largo plazo nacional parte relacionada"
"l10n_lv_group_253_16","253.16","Long-term prepaid finance leases foreign related party","Arrendamiento financiero cobrados por anticipado a largo plazo extranjero parte relacionada"
"l10n_lv_group_253_17","253.17","Fiduciary rights","Derechos fiduciarios"
"l10n_lv_group_253_18","253.18","Other advance receipts","Otros cobros anticipados"
"l10n_lv_group_254","254","Long-term financial instruments","Instrumentos financieros a largo plazo"
"l10n_lv_group_254_01","254.01","Long-term financial instruments","Instrumentos financieros a largo plazo"
"l10n_lv_group_255","255","Long-term employee benefit liabilities","Pasivos por beneficios a los empleados a largo plazo"
"l10n_lv_group_255_01","255.01","Long-term employee benefit liabilities","Pasivos por beneficios a los empleados a largo plazo"
"l10n_lv_group_256","256","Other long-term liabilities","Otros pasivos a largo plazo"
"l10n_lv_group_256_01","256.01","Other long-term liabilities","Otros pasivos a largo plazo"
"l10n_lv_group_257","257","Deferred employee profit sharing","Participación de los trabajadores en las utilidades diferida"
"l10n_lv_group_257_01","257.01","Deferred employee profit sharing","Participación de los trabajadores en las utilidades diferida"
"l10n_lv_group_258","258","Trust obligations","Obligaciones contraídas de fideicomisos"
"l10n_lv_group_258_01","258.01","Trust obligations","Obligaciones contraídas de fideicomisos"
"l10n_lv_group_259","259","Deferred taxes","Impuestos diferidos"
"l10n_lv_group_259_01","259.01","Deferred income tax","ISR diferido"
"l10n_lv_group_259_02","259.02","Deferred dividend income tax","ISR por dividendo diferido"
"l10n_lv_group_259_03","259.03","Other deferred taxes","Otros impuestos diferidos"
"l10n_lv_group_260","260","Deferred liabilities","Pasivos diferidos"
"l10n_lv_group_260_01","260.01","Deferred liabilities","Pasivos diferidos"
"l10n_lv_group_3","3","Stockholders' equity","Capital Contable"
"l10n_lv_group_301","301","Social capital","Capital social"
"l10n_lv_group_301_01","301.01","Fixed capital","Capital fijo"
"l10n_lv_group_301_02","301.02","Variable capital","Capital variable"
"l10n_lv_group_301_03","301.03","Contributions for future capital increases","Aportaciones para futuros aumentos de capital"
"l10n_lv_group_301_04","301.04","Share subscription premium","Prima en suscripción de acciones"
"l10n_lv_group_301_05","301.05","Premium on share subscription","Prima en suscripción de partes sociales"
"l10n_lv_group_302","302","Heritage","Patrimonio"
"l10n_lv_group_302_01","302.01","Heritage","Patrimonio"
"l10n_lv_group_302_02","302.02","Equity contribution","Aportación patrimonial"
"l10n_lv_group_302_03","302.03","Deficit or surplus for the financial year","Déficit o remanente del ejercicio"
"l10n_lv_group_303","303","Legal reserve","Reserva legal"
"l10n_lv_group_303_01","303.01","Legal reserve","Reserva legal"
"l10n_lv_group_304","304","Result of previous years","Resultado de ejercicios anteriores"
"l10n_lv_group_304_01","304.01","Profit from previous years","Utilidad de ejercicios anteriores"
"l10n_lv_group_304_02","304.02","Loss from previous years","Pérdida de ejercicios anteriores"
"l10n_lv_group_304_03","304.03","Comprehensive income (loss) from prior years","Resultado integral de ejercicios anteriores"
"l10n_lv_group_304_04","304.04","Deficit or carryover from previous years","Déficit o remanente de ejercicio anteriores"
"l10n_lv_group_305","305","Result for the year","Resultado del ejercicio"
"l10n_lv_group_305_01","305.01","Profit for the year","Utilidad del ejercicio"
"l10n_lv_group_305_02","305.02","Loss of exercise","Pérdida del ejercicio"
"l10n_lv_group_305_03","305.03","Comprehensive income","Resultado integral"
"l10n_lv_group_306","306","Other capital accounts","Otras cuentas de capital"
"l10n_lv_group_306_01","306.01","Other capital accounts","Otras cuentas de capital"
"l10n_lv_group_4","4","Income","Ingresos"
"l10n_lv_group_401","401","Income","Ingresos"
"l10n_lv_group_401_01","401.01","Sales and/or services taxed at the general rate","Ventas y/o servicios gravados a la tasa general"
"l10n_lv_group_401_02","401.02","Sales and/or services taxed at general cash rate","Ventas y/o servicios gravados a la tasa general de contado"
"l10n_lv_group_401_03","401.03","Sales and/or services taxed at the general rate on credit","Ventas y/o servicios gravados a la tasa general a crédito"
"l10n_lv_group_401_04","401.04","Sales and/or services taxed at 0%","Ventas y/o servicios gravados al 0%"
"l10n_lv_group_401_05","401.05","Sales and/or services taxed at 0% cash","Ventas y/o servicios gravados al 0% de contado"
"l10n_lv_group_401_06","401.06","Sales and/or services taxed at 0% on credit","Ventas y/o servicios gravados al 0% a crédito"
"l10n_lv_group_401_07","401.07","Exempt sales and/or services","Ventas y/o servicios exentos"
"l10n_lv_group_401_08","401.08","Cash exempt sales and/or services","Ventas y/o servicios exentos de contado"
"l10n_lv_group_401_09","401.09","Sales and/or services exempted on credit","Ventas y/o servicios exentos a crédito"
"l10n_lv_group_401_10","401.10","Domestic sales and/or services taxed at the general rate related parties","Ventas y/o servicios gravados a la tasa general nacionales partes relacionadas"
"l10n_lv_group_401_11","401.11","Sales and/or services taxed at the general foreign related party rate","Ventas y/o servicios gravados a la tasa general extranjeros partes relacionadas"
"l10n_lv_group_401_12","401.12","Domestic sales and/or services taxed at 0% related parties","Ventas y/o servicios gravados al 0% nacionales partes relacionadas"
"l10n_lv_group_401_13","401.13","Foreign sales and/or services taxed at 0% foreign related parties","Ventas y/o servicios gravados al 0% extranjeros partes relacionadas"
"l10n_lv_group_401_14","401.14","Domestic exempt sales and/or services related parties","Ventas y/o servicios exentos nacionales partes relacionadas"
"l10n_lv_group_401_15","401.15","Foreign exempt sales and/or services related parties","Ventas y/o servicios exentos extranjeros partes relacionadas"
"l10n_lv_group_401_16","401.16","Income from administrative services","Ingresos por servicios administrativos"
"l10n_lv_group_401_17","401.17","Income from domestic administrative services related parties","Ingresos por servicios administrativos nacionales partes relacionadas"
"l10n_lv_group_401_18","401.18","Foreign administrative services income related parties","Ingresos por servicios administrativos extranjeros partes relacionadas"
"l10n_lv_group_401_19","401.19","Income from professional services","Ingresos por servicios profesionales"
"l10n_lv_group_401_20","401.20","Income from domestic professional services related parties","Ingresos por servicios profesionales nacionales partes relacionadas"
"l10n_lv_group_401_21","401.21","Income from foreign professional services related parties","Ingresos por servicios profesionales extranjeros partes relacionadas"
"l10n_lv_group_401_22","401.22","Rental income","Ingresos por arrendamiento"
"l10n_lv_group_401_23","401.23","Domestic lease income related parties","Ingresos por arrendamiento nacionales partes relacionadas"
"l10n_lv_group_401_24","401.24","Foreign lease income related parties","Ingresos por arrendamiento extranjeros partes relacionadas"
"l10n_lv_group_401_25","401.25","Export revenues","Ingresos por exportación"
"l10n_lv_group_401_26","401.26","Commission income","Ingresos por comisiones"
"l10n_lv_group_401_27","401.27","Maquila income","Ingresos por maquila"
"l10n_lv_group_401_28","401.28","Income from co-ordinates","Ingresos por coordinados"
"l10n_lv_group_401_29","401.29","Royalty income","Ingresos por regalías"
"l10n_lv_group_401_30","401.30","Technical assistance income","Ingresos por asistencia técnica"
"l10n_lv_group_401_31","401.31","Donation income","Ingresos por donativos"
"l10n_lv_group_401_32","401.32","Interest income (own activity)","Ingresos por intereses (actividad propia)"
"l10n_lv_group_401_33","401.33","Co-ownership income","Ingresos de copropiedad"
"l10n_lv_group_401_34","401.34","Trust income","Ingresos por fideicomisos"
"l10n_lv_group_401_35","401.35","Income from financial factoring","Ingresos por factoraje financiero"
"l10n_lv_group_401_36","401.36","Leasing income","Ingresos por arrendamiento financiero"
"l10n_lv_group_401_37","401.37","Income of foreigners with an establishment in the country","Ingresos de extranjeros con establecimiento en el país"
"l10n_lv_group_401_38","401.38","Other own revenue","Otros ingresos propios"
"l10n_lv_group_401_39","401.39","Taxable sales and/or services made in the northern border area","Ventas y/o servicios gravados realizados en zona fronteriza norte"
"l10n_lv_group_401_40","401.40","Taxable sales and/or services made in the northern cash border area","Ventas y/o servicios gravados realizados en zona fronteriza norte de contado"
"l10n_lv_group_401_41","401.41","Taxable sales and/or services made in the northern border zone on credit","Ventas y/o servicios gravados realizados en zona fronteriza norte a crédito"
"l10n_lv_group_402","402","Refunds, discounts or rebates on income","Devoluciones, descuentos o bonificaciones sobre ingresos"
"l10n_lv_group_402_01","402.01","Refunds, discounts or rebates on sales and/or services at the general rate","Devoluciones, descuentos o bonificaciones sobre ventas y/o servicios a la tasa general"
"l10n_lv_group_402_02","402.02","Returns, discounts or rebates on sales and/or services at 0%.","Devoluciones, descuentos o bonificaciones sobre ventas y/o servicios al 0%"
"l10n_lv_group_402_03","402.03","Refunds, discounts or rebates on exempted sales and/or services","Devoluciones, descuentos o bonificaciones sobre ventas y/o servicios exentos"
"l10n_lv_group_402_04","402.04","Refunds, discounts or rebates of other income","Devoluciones, descuentos o bonificaciones de otros ingresos"
"l10n_lv_group_402_05","402.05","Refunds, discounts or rebates on sales and/or services in the northern border area","Devoluciones, descuentos o bonificaciones sobre ventas y/o servicios en zona fronteriza norte"
"l10n_lv_group_403","403","Other income","Otros ingresos"
"l10n_lv_group_403_01","403.01","Other Income","Otros Ingresos"
"l10n_lv_group_403_02","403.02","Other national income related party","Otros ingresos nacionales parte relacionada"
"l10n_lv_group_403_03","403.03","Other foreign income related party","Otros ingresos extranjeros parte relacionada"
"l10n_lv_group_403_04","403.04","Income from discontinued operations","Ingresos por operaciones discontinuas"
"l10n_lv_group_403_05","403.05","Proceeds from debt write-offs","Ingresos por condonación de adeudo"
"l10n_lv_group_5","5","Costs","Costos"
"l10n_lv_group_501","501","Cost of sale and/or service","Costo de venta y/o servicio"
"l10n_lv_group_501_01","501.01","Cost of sales","Costo de venta"
"l10n_lv_group_501_02","501.02","Cost of services (labour)","Costo de servicios (Mano de obra)"
"l10n_lv_group_501_03","501.03","Direct raw material used for production","Materia prima directa utilizada para la producción"
"l10n_lv_group_501_04","501.04","Raw materials consumed in the production process","Materia prima consumida en el proceso productivo"
"l10n_lv_group_501_05","501.05","Direct labour consumed","Mano de obra directa consumida"
"l10n_lv_group_501_06","501.06","Direct labour","Mano de obra directa"
"l10n_lv_group_501_07","501.07","Indirect production overheads","Cargos indirectos de producción"
"l10n_lv_group_501_08","501.08","Other cost items","Otros conceptos de costo"
"l10n_lv_group_502","502","Shopping","Compras"
"l10n_lv_group_502_01","502.01","Domestic purchases","Compras nacionales"
"l10n_lv_group_502_02","502.02","Domestic purchases related party","Compras nacionales parte relacionada"
"l10n_lv_group_502_03","502.03","Import Purchases","Compras de Importación"
"l10n_lv_group_502_04","502.04","Import purchases related parties","Compras de Importación partes relacionadas"
"l10n_lv_group_503","503","Returns, discounts or rebates on purchases","Devoluciones, descuentos o bonificaciones sobre compras"
"l10n_lv_group_503_01","503.01","Returns, discounts or rebates on purchases","Devoluciones, descuentos o bonificaciones sobre compras"
"l10n_lv_group_504","504","Other cost accounts","Otras cuentas de costos"
"l10n_lv_group_504_01","504.01","Indirect manufacturing overheads","Gastos indirectos de fabricación"
"l10n_lv_group_504_02","504.02","Indirect manufacturing overheads of domestic related parties","Gastos indirectos de fabricación de partes relacionadas nacionales"
"l10n_lv_group_504_03","504.03","Indirect manufacturing overheads of foreign related parties","Gastos indirectos de fabricación de partes relacionadas extranjeras"
"l10n_lv_group_504_04","504.04","Other cost incurred accounts","Otras cuentas de costos incurridos"
"l10n_lv_group_504_05","504.05","Other accounts for costs incurred with domestic related parties","Otras cuentas de costos incurridos com partes relacionadas nacionales"
"l10n_lv_group_504_06","504.06","Other cost accounts incurred with foreign related parties","Otras cuentas de costos incurridos com partes relacionadas extranjeras"
"l10n_lv_group_504_07","504.07","Depreciation of buildings","Depreciación de edificios"
"l10n_lv_group_504_08","504.08","Depreciation of machinery and equipment","Depreciación de maquinaria y equipo"
"l10n_lv_group_504_09","504.09","Depreciation of cars, buses, cargo trucks, tractor-trailers, forklifts and trailers","Depreciación de automóviles, autobuses, camiones de carga, tractocamiones, montacargas y remolques"
"l10n_lv_group_504_10","504.10","Depreciation of office furniture and equipment","Depreciación de mobiliario y equipo de oficina"
"l10n_lv_group_504_11","504.11","Depreciation of computer equipment","Depreciación de equipo de cómputo"
"l10n_lv_group_504_12","504.12","Depreciation of communication equipment","Depreciación de equipo de comunicación"
"l10n_lv_group_504_13","504.13","Depreciation of biological, plant and livestock assets","Depreciación de activos biológicos, vegetales y semovientes"
"l10n_lv_group_504_14","504.14","Depreciation of other fixed assets","Depreciación de otros activos fijos"
"l10n_lv_group_504_15","504.15","Railway depreciation","Depreciación de ferrocarriles"
"l10n_lv_group_504_16","504.16","Depreciation of ships","Depreciación de embarcaciones"
"l10n_lv_group_504_17","504.17","Aircraft depreciation","Depreciación de aviones"
"l10n_lv_group_504_18","504.18","Depreciation of dies, moulds, dies and tooling","Depreciación de troqueles, moldes, matrices y herramental"
"l10n_lv_group_504_19","504.19","Depreciation of telephone communications equipment","Depreciación de equipo de comunicaciones telefónicas"
"l10n_lv_group_504_20","504.20","Depreciation of satellite communication equipment","Depreciación de equipo de comunicación satelital"
"l10n_lv_group_504_21","504.21","Depreciation of adaptive equipment for disabled persons","Depreciación de equipo de adaptaciones para personas con capacidades diferentes"
"l10n_lv_group_504_22","504.22","Depreciation of machinery and equipment for the generation of energy from renewable sources or efficient cogeneration systems","Depreciación de maquinaria y equipo de generación de energía de fuentes renovables o de sistemas de cogeneración de electricidad eficiente"
"l10n_lv_group_504_23","504.23","Depreciation of adaptations and improvements","Depreciación de adaptaciones y mejoras"
"l10n_lv_group_504_24","504.24","Depreciation of other machinery and equipment","Depreciación de otra maquinaria y equipo"
"l10n_lv_group_504_25","504.25","Other cost accounts","Otras cuentas de costos"
"l10n_lv_group_505","505","Cost of fixed assets","Costo de activo fijo"
"l10n_lv_group_505_01","505.01","Cost of fixed asset sales","Costo por venta de activo fijo"
"l10n_lv_group_505_02","505.02","Cost of asset retirement","Costo por baja de activo fijo"
"l10n_lv_group_6","6","Expenditure","Gastos generales"
"l10n_lv_group_601","601","Overheads","Gastos generales"
"l10n_lv_group_601_01","601.01","Wages and salaries","Sueldos y Salarios"
"l10n_lv_group_601_02","601.02","Compensation","Compensaciones"
"l10n_lv_group_601_03","601.03","Overtime","Tiempos extras"
"l10n_lv_group_601_04","601.04","Attendance awards","Premios de asistencia"
"l10n_lv_group_601_05","601.05","Punctuality awards","Premios de puntualidad"
"l10n_lv_group_601_06","601.06","Holidays","Vacaciones"
"l10n_lv_group_601_07","601.07","Holiday bonus","Prima vacacional"
"l10n_lv_group_601_08","601.08","Sunday premium","Prima dominical"
"l10n_lv_group_601_09","601.09","Public holidays","Días festivos"
"l10n_lv_group_601_10","601.10","Gratuities","Gratificaciones"
"l10n_lv_group_601_11","601.11","Seniority premiums","Primas de antigüedad"
"l10n_lv_group_601_12","601.12","Aguinaldo","Aguinaldo"
"l10n_lv_group_601_13","601.13","Indemnities","Indemnizaciones"
"l10n_lv_group_601_14","601.14","Uncovering","Destajo"
"l10n_lv_group_601_15","601.15","Pantry","Despensa"
"l10n_lv_group_601_16","601.16","Transport","Transporte"
"l10n_lv_group_601_17","601.17","Medical service","Servicio médico"
"l10n_lv_group_601_18","601.18","Assistance with funeral expenses","Ayuda en gastos funerarios"
"l10n_lv_group_601_19","601.19","Savings fund","Fondo de ahorro"
"l10n_lv_group_601_20","601.20","Union dues","Cuotas sindicales"
"l10n_lv_group_601_21","601.21","OCT","PTU"
"l10n_lv_group_601_22","601.22","Encouragement for staff","Estímulo al personal"
"l10n_lv_group_601_23","601.23","Social welfare","Previsión social"
"l10n_lv_group_601_24","601.24","Contributions to the retirement plan","Aportaciones para el plan de jubilación"
"l10n_lv_group_601_25","601.25","Other staff benefits","Otras prestaciones al personal"
"l10n_lv_group_601_26","601.26","IMSS contributions","Cuotas al IMSS"
"l10n_lv_group_601_27","601.27","Infonavit contributions","Aportaciones al infonavit"
"l10n_lv_group_601_28","601.28","SAR contributions","Aportaciones al SAR"
"l10n_lv_group_601_29","601.29","State payroll tax","Impuesto estatal sobre nóminas"
"l10n_lv_group_601_30","601.30","Other contributions","Otras aportaciones"
"l10n_lv_group_601_31","601.31","Assimilated to salaries","Asimilados a salarios"
"l10n_lv_group_601_32","601.32","Administrative services","Servicios administrativos"
"l10n_lv_group_601_33","601.33","Administrative services related parties","Servicios administrativos partes relacionadas"
"l10n_lv_group_601_34","601.34","Fees to domestic resident individuals","Honorarios a personas físicas residentes nacionales"
"l10n_lv_group_601_35","601.35","Fees to domestic resident individuals related parties","Honorarios a personas físicas residentes nacionales partes relacionadas"
"l10n_lv_group_601_36","601.36","Fees to individuals resident abroad","Honorarios a personas físicas residentes del extranjero"
"l10n_lv_group_601_37","601.37","Fees to individuals resident abroad related parties","Honorarios a personas físicas residentes del extranjero partes relacionadas"
"l10n_lv_group_601_38","601.38","Fees to domestic resident legal entities","Honorarios a personas morales residentes nacionales"
"l10n_lv_group_601_39","601.39","Fees to domestic resident legal entities related parties","Honorarios a personas morales residentes nacionales partes relacionadas"
"l10n_lv_group_601_40","601.40","Fees to legal entities resident abroad","Honorarios a personas morales residentes del extranjero"
"l10n_lv_group_601_41","601.41","Fees to legal entities resident abroad related parties","Honorarios a personas morales residentes del extranjero partes relacionadas"
"l10n_lv_group_601_42","601.42","Customs fees natural persons","Honorarios aduanales personas físicas"
"l10n_lv_group_601_43","601.43","Customs fees legal persons","Honorarios aduanales personas morales"
"l10n_lv_group_601_44","601.44","Fees to the Board of Directors","Honorarios al consejo de administración"
"l10n_lv_group_601_45","601.45","Leasing to domestic resident individuals","Arrendamiento a personas físicas residentes nacionales"
"l10n_lv_group_601_46","601.46","Leasing to domestic resident legal entities","Arrendamiento a personas morales residentes nacionales"
"l10n_lv_group_601_47","601.47","Leasing to foreign residents","Arrendamiento a residentes del extranjero"
"l10n_lv_group_601_48","601.48","Fuels and lubricants","Combustibles y lubricantes"
"l10n_lv_group_601_49","601.49","Per diems and travel expenses","Viáticos y gastos de viaje"
"l10n_lv_group_601_50","601.50","Telephone, internet","Teléfono, internet"
"l10n_lv_group_601_51","601.51","Water","Agua"
"l10n_lv_group_601_52","601.52","Electric power","Energía eléctrica"
"l10n_lv_group_601_53","601.53","Surveillance and security","Vigilancia y seguridad"
"l10n_lv_group_601_54","601.54","Cleaning","Limpieza"
"l10n_lv_group_601_55","601.55","Stationery and office supplies","Papelería y artículos de oficina"
"l10n_lv_group_601_56","601.56","Maintenance and upkeep","Mantenimiento y conservación"
"l10n_lv_group_601_57","601.57","Insurance and bonds","Seguros y fianzas"
"l10n_lv_group_601_58","601.58","Other taxes and duties","Otros impuestos y derechos"
"l10n_lv_group_601_59","601.59","Tax surcharges","Recargos fiscales"
"l10n_lv_group_601_60","601.60","Fees and subscriptions","Cuotas y suscripciones"
"l10n_lv_group_601_61","601.61","Propaganda and advertising","Propaganda y publicidad"
"l10n_lv_group_601_62","601.62","Staff training","Capacitación al personal"
"l10n_lv_group_601_63","601.63","Donations and grants","Donativos y ayudas"
"l10n_lv_group_601_64","601.64","Technical assistance","Asistencia técnica"
"l10n_lv_group_601_65","601.65","Royalties subject to other percentages","Regalías sujetas a otros porcentajes"
"l10n_lv_group_601_66","601.66","Royalties subject to 5%","Regalías sujetas al 5%"
"l10n_lv_group_601_67","601.67","Royalties subject to 10%","Regalías sujetas al 10%"
"l10n_lv_group_601_68","601.68","Royalties subject to 15%","Regalías sujetas al 15%"
"l10n_lv_group_601_69","601.69","Royalties subject to 25%","Regalías sujetas al 25%"
"l10n_lv_group_601_70","601.70","Royalties subject to 30%","Regalías sujetas al 30%"
"l10n_lv_group_601_71","601.71","Royalties without withholding","Regalías sin retención"
"l10n_lv_group_601_72","601.72","Freight and haulage","Fletes y acarreos"
"l10n_lv_group_601_73","601.73","Import charges","Gastos de importación"
"l10n_lv_group_601_74","601.74","Commissions on sales","Comisiones sobre ventas"
"l10n_lv_group_601_75","601.75","Credit card fees","Comisiones por tarjetas de crédito"
"l10n_lv_group_601_76","601.76","Patents and trademarks","Patentes y marcas"
"l10n_lv_group_601_77","601.77","Uniforms","Uniformes"
"l10n_lv_group_601_78","601.78","Predials","Prediales"
"l10n_lv_group_601_79","601.79","General development costs","Gastos generales de urbanización"
"l10n_lv_group_601_80","601.80","Construction overheads","Gastos generales de construcción"
"l10n_lv_group_601_81","601.81","Freight from abroad","Fletes del extranjero"
"l10n_lv_group_601_82","601.82","Collection of goods from the agricultural and/or livestock sector","Recolección de bienes del sector agropecuario y/o ganadero"
"l10n_lv_group_601_83","601.83","Non-deductible expenses (without fiscal requirements)","Gastos no deducibles (sin requisitos fiscales)"
"l10n_lv_group_601_84","601.84","Other overheads","Otros gastos generales"
"l10n_lv_group_602","602","Cost of sales","Costo de venta"
"l10n_lv_group_602_01","602.01","Wages and salaries","Sueldos y Salarios"
"l10n_lv_group_602_02","602.02","Compensation","Compensaciones"
"l10n_lv_group_602_03","602.03","Overtime","Tiempos extras"
"l10n_lv_group_602_04","602.04","Attendance awards","Premios de asistencia"
"l10n_lv_group_602_05","602.05","Punctuality awards","Premios de puntualidad"
"l10n_lv_group_602_06","602.06","Holidays","Vacaciones"
"l10n_lv_group_602_07","602.07","Holiday bonus","Prima vacacional"
"l10n_lv_group_602_08","602.08","Sunday premium","Prima dominical"
"l10n_lv_group_602_09","602.09","Public holidays","Días festivos"
"l10n_lv_group_602_10","602.10","Gratuities","Gratificaciones"
"l10n_lv_group_602_11","602.11","Seniority premiums","Primas de antigüedad"
"l10n_lv_group_602_12","602.12","Christmas bonus","Aguinaldo"
"l10n_lv_group_602_13","602.13","Indemnities","Indemnizaciones"
"l10n_lv_group_602_14","602.14","Uncovering","Destajo"
"l10n_lv_group_602_15","602.15","Pantry","Despensa"
"l10n_lv_group_602_16","602.16","Transport","Transporte"
"l10n_lv_group_602_17","602.17","Medical service","Servicio médico"
"l10n_lv_group_602_18","602.18","Assistance with funeral expenses","Ayuda en gastos funerarios"
"l10n_lv_group_602_19","602.19","Savings fund","Fondo de ahorro"
"l10n_lv_group_602_20","602.20","Union dues","Cuotas sindicales"
"l10n_lv_group_602_21","602.21","OCT","PTU"
"l10n_lv_group_602_22","602.22","Encouragement for staff","Estímulo al personal"
"l10n_lv_group_602_23","602.23","Social welfare","Previsión social"
"l10n_lv_group_602_24","602.24","Contributions to the retirement plan","Aportaciones para el plan de jubilación"
"l10n_lv_group_602_25","602.25","Other staff benefits","Otras prestaciones al personal"
"l10n_lv_group_602_26","602.26","IMSS contributions","Cuotas al IMSS"
"l10n_lv_group_602_27","602.27","Infonavit contributions","Aportaciones al infonavit"
"l10n_lv_group_602_28","602.28","SAR contributions","Aportaciones al SAR"
"l10n_lv_group_602_29","602.29","State payroll tax","Impuesto estatal sobre nóminas"
"l10n_lv_group_602_30","602.30","Other contributions","Otras aportaciones"
"l10n_lv_group_602_31","602.31","Assimilated to salaries","Asimilados a salarios"
"l10n_lv_group_602_32","602.32","Administrative services","Servicios administrativos"
"l10n_lv_group_602_33","602.33","Administrative services related parties","Servicios administrativos partes relacionadas"
"l10n_lv_group_602_34","602.34","Fees to domestic resident individuals","Honorarios a personas físicas residentes nacionales"
"l10n_lv_group_602_35","602.35","Fees to domestic resident individuals related parties","Honorarios a personas físicas residentes nacionales partes relacionadas"
"l10n_lv_group_602_36","602.36","Fees to individuals resident abroad","Honorarios a personas físicas residentes del extranjero"
"l10n_lv_group_602_37","602.37","Fees to individuals resident abroad related parties","Honorarios a personas físicas residentes del extranjero partes relacionadas"
"l10n_lv_group_602_38","602.38","Fees to domestic resident legal entities","Honorarios a personas morales residentes nacionales"
"l10n_lv_group_602_39","602.39","Fees to domestic resident legal entities related parties","Honorarios a personas morales residentes nacionales partes relacionadas"
"l10n_lv_group_602_40","602.40","Fees to legal entities resident abroad","Honorarios a personas morales residentes del extranjero"
"l10n_lv_group_602_41","602.41","Fees to legal entities resident abroad related parties","Honorarios a personas morales residentes del extranjero partes relacionadas"
"l10n_lv_group_602_42","602.42","Customs fees natural persons","Honorarios aduanales personas físicas"
"l10n_lv_group_602_43","602.43","Customs fees legal persons","Honorarios aduanales personas morales"
"l10n_lv_group_602_44","602.44","Fees to the Board of Directors","Honorarios al consejo de administración"
"l10n_lv_group_602_45","602.45","Leasing to domestic resident individuals","Arrendamiento a personas físicas residentes nacionales"
"l10n_lv_group_602_46","602.46","Leasing to domestic resident legal entities","Arrendamiento a personas morales residentes nacionales"
"l10n_lv_group_602_47","602.47","Leasing to foreign residents","Arrendamiento a residentes del extranjero"
"l10n_lv_group_602_48","602.48","Fuels and lubricants","Combustibles y lubricantes"
"l10n_lv_group_602_49","602.49","Per diems and travel expenses","Viáticos y gastos de viaje"
"l10n_lv_group_602_50","602.50","Telephone, internet","Teléfono, internet"
"l10n_lv_group_602_51","602.51","Water","Agua"
"l10n_lv_group_602_52","602.52","Electric power","Energía eléctrica"
"l10n_lv_group_602_53","602.53","Surveillance and security","Vigilancia y seguridad"
"l10n_lv_group_602_54","602.54","Cleaning","Limpieza"
"l10n_lv_group_602_55","602.55","Stationery and office supplies","Papelería y artículos de oficina"
"l10n_lv_group_602_56","602.56","Maintenance and upkeep","Mantenimiento y conservación"
"l10n_lv_group_602_57","602.57","Insurance and bonds","Seguros y fianzas"
"l10n_lv_group_602_58","602.58","Other taxes and duties","Otros impuestos y derechos"
"l10n_lv_group_602_59","602.59","Tax surcharges","Recargos fiscales"
"l10n_lv_group_602_60","602.60","Fees and subscriptions","Cuotas y suscripciones"
"l10n_lv_group_602_61","602.61","Propaganda and advertising","Propaganda y publicidad"
"l10n_lv_group_602_62","602.62","Staff training","Capacitación al personal"
"l10n_lv_group_602_63","602.63","Donations and grants","Donativos y ayudas"
"l10n_lv_group_602_64","602.64","Technical assistance","Asistencia técnica"
"l10n_lv_group_602_65","602.65","Royalties subject to other percentages","Regalías sujetas a otros porcentajes"
"l10n_lv_group_602_66","602.66","Royalties subject to 5%","Regalías sujetas al 5%"
"l10n_lv_group_602_67","602.67","Royalties subject to 10%","Regalías sujetas al 10%"
"l10n_lv_group_602_68","602.68","Royalties subject to 15%","Regalías sujetas al 15%"
"l10n_lv_group_602_69","602.69","Royalties subject to 25%","Regalías sujetas al 25%"
"l10n_lv_group_602_70","602.70","Royalties subject to 30%","Regalías sujetas al 30%"
"l10n_lv_group_602_71","602.71","Royalties without withholding","Regalías sin retención"
"l10n_lv_group_602_72","602.72","Freight and haulage","Fletes y acarreos"
"l10n_lv_group_602_73","602.73","Import charges","Gastos de importación"
"l10n_lv_group_602_74","602.74","Commissions on sales","Comisiones sobre ventas"
"l10n_lv_group_602_75","602.75","Credit card fees","Comisiones por tarjetas de crédito"
"l10n_lv_group_602_76","602.76","Patents and trademarks","Patentes y marcas"
"l10n_lv_group_602_77","602.77","Uniforms","Uniformes"
"l10n_lv_group_602_78","602.78","Predials","Prediales"
"l10n_lv_group_602_79","602.79","Development sales costs","Gastos de venta de urbanización"
"l10n_lv_group_602_80","602.80","Selling costs of construction","Gastos de venta de construcción"
"l10n_lv_group_602_81","602.81","Freight from abroad","Fletes del extranjero"
"l10n_lv_group_602_82","602.82","Collection of goods from the agricultural and/or livestock sector","Recolección de bienes del sector agropecuario y/o ganadero"
"l10n_lv_group_602_83","602.83","Non-deductible expenses (without fiscal requirements)","Gastos no deducibles (sin requisitos fiscales)"
"l10n_lv_group_602_84","602.84","Other selling expenses","Otros gastos de venta"
"l10n_lv_group_603","603","Administration costs","Gastos de administración"
"l10n_lv_group_603_01","603.01","Wages and salaries","Sueldos y Salarios"
"l10n_lv_group_603_02","603.02","Compensation","Compensaciones"
"l10n_lv_group_603_03","603.03","Overtime","Tiempos extras"
"l10n_lv_group_603_04","603.04","Attendance awards","Premios de asistencia"
"l10n_lv_group_603_05","603.05","Punctuality awards","Premios de puntualidad"
"l10n_lv_group_603_06","603.06","Holidays","Vacaciones"
"l10n_lv_group_603_07","603.07","Holiday bonus","Prima vacacional"
"l10n_lv_group_603_08","603.08","Sunday premium","Prima dominical"
"l10n_lv_group_603_09","603.09","Public holidays","Días festivos"
"l10n_lv_group_603_10","603.10","Gratuities","Gratificaciones"
"l10n_lv_group_603_11","603.11","Seniority premiums","Primas de antigüedad"
"l10n_lv_group_603_12","603.12","Christmas bonus","Aguinaldo"
"l10n_lv_group_603_13","603.13","Indemnities","Indemnizaciones"
"l10n_lv_group_603_14","603.14","Uncovering","Destajo"
"l10n_lv_group_603_15","603.15","Pantry","Despensa"
"l10n_lv_group_603_16","603.16","Transport","Transporte"
"l10n_lv_group_603_17","603.17","Medical service","Servicio médico"
"l10n_lv_group_603_18","603.18","Assistance with funeral expenses","Ayuda en gastos funerarios"
"l10n_lv_group_603_19","603.19","Savings fund","Fondo de ahorro"
"l10n_lv_group_603_20","603.20","Union dues","Cuotas sindicales"
"l10n_lv_group_603_21","603.21","OCT","PTU"
"l10n_lv_group_603_22","603.22","Encouragement for staff","Estímulo al personal"
"l10n_lv_group_603_23","603.23","Social welfare","Previsión social"
"l10n_lv_group_603_24","603.24","Contributions to the retirement plan","Aportaciones para el plan de jubilación"
"l10n_lv_group_603_25","603.25","Other staff benefits","Otras prestaciones al personal"
"l10n_lv_group_603_26","603.26","IMSS contributions","Cuotas al IMSS"
"l10n_lv_group_603_27","603.27","Infonavit contributions","Aportaciones al infonavit"
"l10n_lv_group_603_28","603.28","SAR contributions","Aportaciones al SAR"
"l10n_lv_group_603_29","603.29","State payroll tax","Impuesto estatal sobre nóminas"
"l10n_lv_group_603_30","603.30","Other contributions","Otras aportaciones"
"l10n_lv_group_603_31","603.31","Assimilated to salaries","Asimilados a salarios"
"l10n_lv_group_603_32","603.32","Administrative services","Servicios administrativos"
"l10n_lv_group_603_33","603.33","Administrative services related parties","Servicios administrativos partes relacionadas"
"l10n_lv_group_603_34","603.34","Fees to domestic resident individuals","Honorarios a personas físicas residentes nacionales"
"l10n_lv_group_603_35","603.35","Fees to domestic resident individuals related parties","Honorarios a personas físicas residentes nacionales partes relacionadas"
"l10n_lv_group_603_36","603.36","Fees to individuals resident abroad","Honorarios a personas físicas residentes del extranjero"
"l10n_lv_group_603_37","603.37","Fees to individuals resident abroad related parties","Honorarios a personas físicas residentes del extranjero partes relacionadas"
"l10n_lv_group_603_38","603.38","Fees to domestic resident legal entities","Honorarios a personas morales residentes nacionales"
"l10n_lv_group_603_39","603.39","Fees to domestic resident legal entities related parties","Honorarios a personas morales residentes nacionales partes relacionadas"
"l10n_lv_group_603_40","603.40","Fees to legal entities resident abroad","Honorarios a personas morales residentes del extranjero"
"l10n_lv_group_603_41","603.41","Fees to legal entities resident abroad related parties","Honorarios a personas morales residentes del extranjero partes relacionadas"
"l10n_lv_group_603_42","603.42","Customs fees natural persons","Honorarios aduanales personas físicas"
"l10n_lv_group_603_43","603.43","Customs fees legal persons","Honorarios aduanales personas morales"
"l10n_lv_group_603_44","603.44","Fees to the Board of Directors","Honorarios al consejo de administración"
"l10n_lv_group_603_45","603.45","Leasing to domestic resident individuals","Arrendamiento a personas físicas residentes nacionales"
"l10n_lv_group_603_46","603.46","Leasing to domestic resident legal entities","Arrendamiento a personas morales residentes nacionales"
"l10n_lv_group_603_47","603.47","Leasing to foreign residents","Arrendamiento a residentes del extranjero"
"l10n_lv_group_603_48","603.48","Fuels and lubricants","Combustibles y lubricantes"
"l10n_lv_group_603_49","603.49","Per diems and travel expenses","Viáticos y gastos de viaje"
"l10n_lv_group_603_50","603.50","Telephone, internet","Teléfono, internet"
"l10n_lv_group_603_51","603.51","Water","Agua"
"l10n_lv_group_603_52","603.52","Electric power","Energía eléctrica"
"l10n_lv_group_603_53","603.53","Surveillance and security","Vigilancia y seguridad"
"l10n_lv_group_603_54","603.54","Cleaning","Limpieza"
"l10n_lv_group_603_55","603.55","Stationery and office supplies","Papelería y artículos de oficina"
"l10n_lv_group_603_56","603.56","Maintenance and upkeep","Mantenimiento y conservación"
"l10n_lv_group_603_57","603.57","Insurance and bonds","Seguros y fianzas"
"l10n_lv_group_603_58","603.58","Other taxes and duties","Otros impuestos y derechos"
"l10n_lv_group_603_59","603.59","Tax surcharges","Recargos fiscales"
"l10n_lv_group_603_60","603.60","Fees and subscriptions","Cuotas y suscripciones"
"l10n_lv_group_603_61","603.61","Propaganda and advertising","Propaganda y publicidad"
"l10n_lv_group_603_62","603.62","Staff training","Capacitación al personal"
"l10n_lv_group_603_63","603.63","Donations and grants","Donativos y ayudas"
"l10n_lv_group_603_64","603.64","Technical assistance","Asistencia técnica"
"l10n_lv_group_603_65","603.65","Royalties subject to other percentages","Regalías sujetas a otros porcentajes"
"l10n_lv_group_603_66","603.66","Royalties subject to 5%","Regalías sujetas al 5%"
"l10n_lv_group_603_67","603.67","Royalties subject to 10%","Regalías sujetas al 10%"
"l10n_lv_group_603_68","603.68","Royalties subject to 15%","Regalías sujetas al 15%"
"l10n_lv_group_603_69","603.69","Royalties subject to 25%","Regalías sujetas al 25%"
"l10n_lv_group_603_70","603.70","Royalties subject to 30%","Regalías sujetas al 30%"
"l10n_lv_group_603_71","603.71","Royalties without withholding","Regalías sin retención"
"l10n_lv_group_603_72","603.72","Freight and haulage","Fletes y acarreos"
"l10n_lv_group_603_73","603.73","Import charges","Gastos de importación"
"l10n_lv_group_603_74","603.74","Patents and trademarks","Patentes y marcas"
"l10n_lv_group_603_75","603.75","Uniforms","Uniformes"
"l10n_lv_group_603_76","603.76","Predials","Prediales"
"l10n_lv_group_603_77","603.77","Development administration costs","Gastos de administración de urbanización"
"l10n_lv_group_603_78","603.78","Construction administration costs","Gastos de administración de construcción"
"l10n_lv_group_603_79","603.79","Freight from abroad","Fletes del extranjero"
"l10n_lv_group_603_80","603.80","Collection of goods from the agricultural and/or livestock sector","Recolección de bienes del sector agropecuario y/o ganadero"
"l10n_lv_group_603_81","603.81","Non-deductible expenses (without fiscal requirements)","Gastos no deducibles (sin requisitos fiscales)"
"l10n_lv_group_603_82","603.82","Other administrative expenses","Otros gastos de administración"
"l10n_lv_group_604","604","Manufacturing costs","Gastos de fabricación"
"l10n_lv_group_604_01","604.01","Wages and salaries","Sueldos y Salarios"
"l10n_lv_group_604_02","604.02","Compensation","Compensaciones"
"l10n_lv_group_604_03","604.03","Overtime","Tiempos extras"
"l10n_lv_group_604_04","604.04","Attendance awards","Premios de asistencia"
"l10n_lv_group_604_05","604.05","Punctuality awards","Premios de puntualidad"
"l10n_lv_group_604_06","604.06","Holidays","Vacaciones"
"l10n_lv_group_604_07","604.07","Holiday bonus","Prima vacacional"
"l10n_lv_group_604_08","604.08","Sunday premium","Prima dominical"
"l10n_lv_group_604_09","604.09","Public holidays","Días festivos"
"l10n_lv_group_604_10","604.10","Gratuities","Gratificaciones"
"l10n_lv_group_604_11","604.11","Seniority premiums","Primas de antigüedad"
"l10n_lv_group_604_12","604.12","Christmas bonus","Aguinaldo"
"l10n_lv_group_604_13","604.13","Indemnities","Indemnizaciones"
"l10n_lv_group_604_14","604.14","Uncovering","Destajo"
"l10n_lv_group_604_15","604.15","Pantry","Despensa"
"l10n_lv_group_604_16","604.16","Transport","Transporte"
"l10n_lv_group_604_17","604.17","Medical service","Servicio médico"
"l10n_lv_group_604_18","604.18","Assistance with funeral expenses","Ayuda en gastos funerarios"
"l10n_lv_group_604_19","604.19","Savings fund","Fondo de ahorro"
"l10n_lv_group_604_20","604.20","Union dues","Cuotas sindicales"
"l10n_lv_group_604_21","604.21","OCT","PTU"
"l10n_lv_group_604_22","604.22","Encouragement for staff","Estímulo al personal"
"l10n_lv_group_604_23","604.23","Social welfare","Previsión social"
"l10n_lv_group_604_24","604.24","Contributions to the retirement plan","Aportaciones para el plan de jubilación"
"l10n_lv_group_604_25","604.25","Other staff benefits","Otras prestaciones al personal"
"l10n_lv_group_604_26","604.26","IMSS contributions","Cuotas al IMSS"
"l10n_lv_group_604_27","604.27","Infonavit contributions","Aportaciones al infonavit"
"l10n_lv_group_604_28","604.28","SAR contributions","Aportaciones al SAR"
"l10n_lv_group_604_29","604.29","State payroll tax","Impuesto estatal sobre nóminas"
"l10n_lv_group_604_30","604.30","Other contributions","Otras aportaciones"
"l10n_lv_group_604_31","604.31","Assimilated to salaries","Asimilados a salarios"
"l10n_lv_group_604_32","604.32","Administrative services","Servicios administrativos"
"l10n_lv_group_604_33","604.33","Administrative services related parties","Servicios administrativos partes relacionadas"
"l10n_lv_group_604_34","604.34","Fees to domestic resident individuals","Honorarios a personas físicas residentes nacionales"
"l10n_lv_group_604_35","604.35","Fees to domestic resident individuals related parties","Honorarios a personas físicas residentes nacionales partes relacionadas"
"l10n_lv_group_604_36","604.36","Fees to individuals resident abroad","Honorarios a personas físicas residentes del extranjero"
"l10n_lv_group_604_37","604.37","Fees to individuals resident abroad related parties","Honorarios a personas físicas residentes del extranjero partes relacionadas"
"l10n_lv_group_604_38","604.38","Fees to domestic resident legal entities","Honorarios a personas morales residentes nacionales"
"l10n_lv_group_604_39","604.39","Fees to domestic resident legal entities related parties","Honorarios a personas morales residentes nacionales partes relacionadas"
"l10n_lv_group_604_40","604.40","Fees to legal entities resident abroad","Honorarios a personas morales residentes del extranjero"
"l10n_lv_group_604_41","604.41","Fees to legal entities resident abroad related parties","Honorarios a personas morales residentes del extranjero partes relacionadas"
"l10n_lv_group_604_42","604.42","Customs fees natural persons","Honorarios aduanales personas físicas"
"l10n_lv_group_604_43","604.43","Customs fees legal persons","Honorarios aduanales personas morales"
"l10n_lv_group_604_44","604.44","Fees to the Board of Directors","Honorarios al consejo de administración"
"l10n_lv_group_604_45","604.45","Leasing to domestic resident individuals","Arrendamiento a personas físicas residentes nacionales"
"l10n_lv_group_604_46","604.46","Leasing to domestic resident legal entities","Arrendamiento a personas morales residentes nacionales"
"l10n_lv_group_604_47","604.47","Leasing to foreign residents","Arrendamiento a residentes del extranjero"
"l10n_lv_group_604_48","604.48","Fuels and lubricants","Combustibles y lubricantes"
"l10n_lv_group_604_49","604.49","Per diems and travel expenses","Viáticos y gastos de viaje"
"l10n_lv_group_604_50","604.50","Telephone, internet","Teléfono, internet"
"l10n_lv_group_604_51","604.51","Water","Agua"
"l10n_lv_group_604_52","604.52","Electric power","Energía eléctrica"
"l10n_lv_group_604_53","604.53","Surveillance and security","Vigilancia y seguridad"
"l10n_lv_group_604_54","604.54","Cleaning","Limpieza"
"l10n_lv_group_604_55","604.55","Stationery and office supplies","Papelería y artículos de oficina"
"l10n_lv_group_604_56","604.56","Maintenance and upkeep","Mantenimiento y conservación"
"l10n_lv_group_604_57","604.57","Insurance and bonds","Seguros y fianzas"
"l10n_lv_group_604_58","604.58","Other taxes and duties","Otros impuestos y derechos"
"l10n_lv_group_604_59","604.59","Tax surcharges","Recargos fiscales"
"l10n_lv_group_604_60","604.60","Fees and subscriptions","Cuotas y suscripciones"
"l10n_lv_group_604_61","604.61","Propaganda and advertising","Propaganda y publicidad"
"l10n_lv_group_604_62","604.62","Staff training","Capacitación al personal"
"l10n_lv_group_604_63","604.63","Donations and grants","Donativos y ayudas"
"l10n_lv_group_604_64","604.64","Technical assistance","Asistencia técnica"
"l10n_lv_group_604_65","604.65","Royalties subject to other percentages","Regalías sujetas a otros porcentajes"
"l10n_lv_group_604_66","604.66","Royalties subject to 5%","Regalías sujetas al 5%"
"l10n_lv_group_604_67","604.67","Royalties subject to 10%","Regalías sujetas al 10%"
"l10n_lv_group_604_68","604.68","Royalties subject to 15%","Regalías sujetas al 15%"
"l10n_lv_group_604_69","604.69","Royalties subject to 25%","Regalías sujetas al 25%"
"l10n_lv_group_604_70","604.70","Royalties subject to 30%","Regalías sujetas al 30%"
"l10n_lv_group_604_71","604.71","Royalties without withholding","Regalías sin retención"
"l10n_lv_group_604_72","604.72","Freight and haulage","Fletes y acarreos"
"l10n_lv_group_604_73","604.73","Import charges","Gastos de importación"
"l10n_lv_group_604_74","604.74","Patents and trademarks","Patentes y marcas"
"l10n_lv_group_604_75","604.75","Uniforms","Uniformes"
"l10n_lv_group_604_76","604.76","Predials","Prediales"
"l10n_lv_group_604_77","604.77","Urbanisation manufacturing costs","Gastos de fabricación de urbanización"
"l10n_lv_group_604_78","604.78","Construction manufacturing costs","Gastos de fabricación de construcción"
"l10n_lv_group_604_79","604.79","Freight from abroad","Fletes del extranjero"
"l10n_lv_group_604_80","604.80","Collection of goods from the agricultural and/or livestock sector","Recolección de bienes del sector agropecuario y/o ganadero"
"l10n_lv_group_604_81","604.81","Non-deductible expenses (without fiscal requirements)","Gastos no deducibles (sin requisitos fiscales)"
"l10n_lv_group_604_82","604.82","Other manufacturing costs","Otros gastos de fabricación"
"l10n_lv_group_605","605","Direct labour","Mano de obra directa"
"l10n_lv_group_605_01","605.01","Labour","Mano de obra"
"l10n_lv_group_605_02","605.02","Wages and Salaries","Sueldos y Salarios"
"l10n_lv_group_605_03","605.03","Compensation","Compensaciones"
"l10n_lv_group_605_04","605.04","Overtime","Tiempos extras"
"l10n_lv_group_605_05","605.05","Attendance awards","Premios de asistencia"
"l10n_lv_group_605_06","605.06","Punctuality awards","Premios de puntualidad"
"l10n_lv_group_605_07","605.07","Holidays","Vacaciones"
"l10n_lv_group_605_08","605.08","Holiday bonus","Prima vacacional"
"l10n_lv_group_605_09","605.09","Sunday premium","Prima dominical"
"l10n_lv_group_605_10","605.10","Public holidays","Días festivos"
"l10n_lv_group_605_11","605.11","Gratuities","Gratificaciones"
"l10n_lv_group_605_12","605.12","Primas de antigüedad","Primas de antigüedad"
"l10n_lv_group_605_13","605.13","Christmas bonus","Aguinaldo"
"l10n_lv_group_605_14","605.14","Indemnities","Indemnizaciones"
"l10n_lv_group_605_15","605.15","Uncovering","Destajo"
"l10n_lv_group_605_16","605.16","Pantry","Despensa"
"l10n_lv_group_605_17","605.17","Transport","Transporte"
"l10n_lv_group_605_18","605.18","Medical service","Servicio médico"
"l10n_lv_group_605_19","605.19","Assistance with funeral expenses","Ayuda en gastos funerarios"
"l10n_lv_group_605_20","605.20","Savings fund","Fondo de ahorro"
"l10n_lv_group_605_21","605.21","Union dues","Cuotas sindicales"
"l10n_lv_group_605_22","605.22","OCT","PTU"
"l10n_lv_group_605_23","605.23","Encouragement for staff","Estímulo al personal"
"l10n_lv_group_605_24","605.24","Social welfare","Previsión social"
"l10n_lv_group_605_25","605.25","Contributions to the retirement plan","Aportaciones para el plan de jubilación"
"l10n_lv_group_605_26","605.26","Other staff benefits","Otras prestaciones al personal"
"l10n_lv_group_605_27","605.27","Assimilated to salaries","Asimilados a salarios"
"l10n_lv_group_605_28","605.28","IMSS contributions","Cuotas al IMSS"
"l10n_lv_group_605_29","605.29","Infonavit contributions","Aportaciones al infonavit"
"l10n_lv_group_605_30","605.30","SAR contributions","Aportaciones al SAR"
"l10n_lv_group_605_31","605.31","Other direct labour costs","Otros costos de mano de obra directa"
"l10n_lv_group_606","606","Tax administrative facilities","Facilidades administrativas fiscales"
"l10n_lv_group_606_01","606.01","Tax administrative facilities","Facilidades administrativas fiscales"
"l10n_lv_group_607","607","Employee profit-sharing","Participación de los trabajadores en las utilidades"
"l10n_lv_group_607_01","607.01","Employee profit-sharing","Participación de los trabajadores en las utilidades"
"l10n_lv_group_608","608","Share in results of subsidiaries","Participación en resultados de subsidiarias"
"l10n_lv_group_608_01","608.01","Share in results of subsidiaries","Participación en resultados de subsidiarias"
"l10n_lv_group_609","609","Share in results of associates","Participación en resultados de asociadas"
"l10n_lv_group_609_01","609.01","Share in results of associates","Participación en resultados de asociadas"
"l10n_lv_group_610","610","Deferred employees' profit-sharing","Participación de los trabajadores en las utilidades diferida"
"l10n_lv_group_610_01","610.01","Deferred employees' profit-sharing","Participación de los trabajadores en las utilidades diferida"
"l10n_lv_group_611","611","Income tax","Impuesto Sobre la renta"
"l10n_lv_group_611_01","611.01","Income tax","Impuesto Sobre la renta"
"l10n_lv_group_611_02","611.02","Income tax on distributable profits","Impuesto Sobre la renta por remanente distribuible"
"l10n_lv_group_612","612","Expenses not deductible for CUFIN","Gastos no deducibles para CUFIN"
"l10n_lv_group_612_01","612.01","Expenses not deductible for CUFIN","Gastos no deducibles para CUFIN"
"l10n_lv_group_613","613","Accounting depreciation","Amortización contable"
"l10n_lv_group_613_01","613.01","Depreciation of buildings","Depreciación de edificios"
"l10n_lv_group_613_02","613.02","Depreciation of machinery and equipment","Depreciación de maquinaria y equipo"
"l10n_lv_group_613_03","613.03","Depreciation of cars, buses, cargo trucks, tractor-trailers, forklifts and trailers","Depreciación de automóviles, autobuses, camiones de carga, tractocamiones, montacargas y remolques"
"l10n_lv_group_613_04","613.04","Depreciation of office furniture and equipment","Depreciación de mobiliario y equipo de oficina"
"l10n_lv_group_613_05","613.05","Depreciation of computer equipment","Depreciación de equipo de cómputo"
"l10n_lv_group_613_06","613.06","Depreciation of communication equipment","Depreciación de equipo de comunicación"
"l10n_lv_group_613_07","613.07","Depreciation of biological, plant and livestock assets","Depreciación de activos biológicos, vegetales y semovientes"
"l10n_lv_group_613_08","613.08","Depreciation of other fixed assets","Depreciación de otros activos fijos"
"l10n_lv_group_613_09","613.09","Railway depreciation","Depreciación de ferrocarriles"
"l10n_lv_group_613_10","613.10","Depreciation of ships","Depreciación de embarcaciones"
"l10n_lv_group_613_11","613.11","Aircraft depreciation","Depreciación de aviones"
"l10n_lv_group_613_12","613.12","Depreciation of dies, moulds, dies and tooling","Depreciación de troqueles, moldes, matrices y herramental"
"l10n_lv_group_613_13","613.13","Depreciation of telephone communications equipment","Depreciación de equipo de comunicaciones telefónicas"
"l10n_lv_group_613_14","613.14","Depreciation of satellite communication equipment","Depreciación de equipo de comunicación satelital"
"l10n_lv_group_613_15","613.15","Depreciation of adaptive equipment for disabled persons","Depreciación de equipo de adaptaciones para personas con capacidades diferentes"
"l10n_lv_group_613_16","613.16","Depreciation of machinery and equipment for the generation of energy from renewable sources or efficient cogeneration systems","Depreciación de maquinaria y equipo de generación de energía de fuentes renovables o de sistemas de cogeneración de electricidad eficiente"
"l10n_lv_group_613_17","613.17","Depreciation of adaptations and improvements","Depreciación de adaptaciones y mejoras"
"l10n_lv_group_613_18","613.18","Depreciation of other machinery and equipment","Depreciación de otra maquinaria y equipo"
"l10n_lv_group_614","614","Accounting depreciation","Amortización contable"
"l10n_lv_group_614_01","614.01","Amortisation of deferred expenses","Amortización de gastos diferidos"
"l10n_lv_group_614_02","614.02","Amortisation of pre-operating expenses","Amortización de gastos pre operativos"
"l10n_lv_group_614_03","614.03","Amortisation of royalties, technical assistance and other deferred expenses","Amortización de regalías, asistencia técnica y otros gastos diferidos"
"l10n_lv_group_614_04","614.04","Amortisation of intangible assets","Amortización de activos intangibles"
"l10n_lv_group_614_05","614.05","Amortisation of organisational costs","Amortización de gastos de organización"
"l10n_lv_group_614_06","614.06","Amortisation of market research and development","Amortización de investigación y desarrollo de mercado"
"l10n_lv_group_614_07","614.07","Amortisation of trademarks and patents","Amortización de marcas y patentes"
"l10n_lv_group_614_08","614.08","Amortisation of goodwill","Amortización de crédito mercantil"
"l10n_lv_group_614_09","614.09","Amortisation of installation costs","Amortización de gastos de instalación"
"l10n_lv_group_614_10","614.10","Amortisation of other deferred assets","Amortización de otros activos diferidos"
"l10n_lv_group_7","7","Result","Resultado"
"l10n_lv_group_701","701","Financial expenses","Gastos financieros"
"l10n_lv_group_701_01","701.01","Foreign exchange loss","Pérdida cambiaria"
"l10n_lv_group_701_02","701.02","Domestic foreign exchange loss related party","Pérdida cambiaria nacional parte relacionada"
"l10n_lv_group_701_03","701.03","Foreign exchange loss related party","Pérdida cambiaria extranjero parte relacionada"
"l10n_lv_group_701_04","701.04","Interest payable by national bank","Intereses a cargo bancario nacional"
"l10n_lv_group_701_05","701.05","Interest on foreign bank charges","Intereses a cargo bancario extranjero"
"l10n_lv_group_701_06","701.06","Interest on foreign bank charges","Intereses a cargo bancario extranjero"
"l10n_lv_group_701_07","701.07","Interest payable by foreign natural persons","Intereses a cargo de personas físicas extranjero"
"l10n_lv_group_701_08","701.08","Interest payable by domestic legal persons","Intereses a cargo de personas morales nacional"
"l10n_lv_group_701_09","701.09","Interest payable by foreign legal entities","Intereses a cargo de personas morales extranjero"
"l10n_lv_group_701_10","701.10","Bank charges","Comisiones bancarias"
"l10n_lv_group_701_11","701.11","Other financial charges","Otros gastos financieros"
"l10n_lv_group_702","702","Financial products","Utilidad cambiaria"
"l10n_lv_group_702_01","702.01","Exchange profit","Utilidad cambiaria"
"l10n_lv_group_702_02","702.02","Domestic foreign exchange gain related party","Utilidad cambiaria nacional parte relacionada"
"l10n_lv_group_702_03","702.03","Foreign exchange gain related party","Utilidad cambiaria extranjero parte relacionada"
"l10n_lv_group_702_04","702.04","Interest in favour of national banks","Intereses a favor bancarios nacional"
"l10n_lv_group_702_05","702.05","Interest in favour of foreign banks","Intereses a favor bancarios extranjero"
"l10n_lv_group_702_06","702.06","Interest in favour of national natural persons","Intereses a favor de personas físicas nacional"
"l10n_lv_group_702_07","702.07","Interest in favour of foreign natural persons","Intereses a favor de personas físicas extranjero"
"l10n_lv_group_702_08","702.08","Interest in favour of national legal persons","Intereses a favor de personas morales nacional"
"l10n_lv_group_702_09","702.09","Interest in favour of foreign legal persons","Intereses a favor de personas morales extranjero"
"l10n_lv_group_702_10","702.10","Other financial products","Otros productos financieros"
"l10n_lv_group_703","703","Other expenditure","Otros gastos"
"l10n_lv_group_703_01","703.01","Loss on sale and/or disposal of land","Pérdida en venta y/o baja de terrenos"
"l10n_lv_group_703_02","703.02","Loss on sale and/or derecognition of buildings","Pérdida en venta y/o baja de edificios"
"l10n_lv_group_703_03","703.03","Loss on sale and/or write-off of machinery and equipment","Pérdida en venta y/o baja de maquinaria y equipo"
"l10n_lv_group_703_04","703.04","Loss on sale and/or deregistration of cars, buses, cargo trucks, tractor-trailers, forklifts and trailers","Pérdida en venta y/o baja de automóviles, autobuses, camiones de carga, tractocamiones, montacargas y remolques"
"l10n_lv_group_703_05","703.05","Loss on sale and/or write-off of office furniture and equipment","Pérdida en venta y/o baja de mobiliario y equipo de oficina"
"l10n_lv_group_703_06","703.06","Loss on sale and/or write-off of computer equipment","Pérdida en venta y/o baja de equipo de cómputo"
"l10n_lv_group_703_07","703.07","Loss on sale and/or write-off of communication equipment","Pérdida en venta y/o baja de equipo de comunicación"
"l10n_lv_group_703_08","703.08","Loss on sale and/or derecognition of biological, plant and livestock assets","Pérdida en venta y/o baja de activos biológicos, vegetales y semovientes"
"l10n_lv_group_703_09","703.09","Loss on sale and/or write-off of other fixed assets","Pérdida en venta y/o baja de otros activos fijos"
"l10n_lv_group_703_10","703.10","Loss on sale and/or deregistration of railways","Pérdida en venta y/o baja de ferrocarriles"
"l10n_lv_group_703_11","703.11","Loss on sale and/or deregistration of vessels","Pérdida en venta y/o baja de embarcaciones"
"l10n_lv_group_703_12","703.12","Loss on sale and/or divestiture of aircraft","Pérdida en venta y/o baja de aviones"
"l10n_lv_group_703_13","703.13","Loss on sale and/or write-off of dies, moulds, matrixes and tooling","Pérdida en venta y/o baja de troqueles, moldes, matrices y herramental"
"l10n_lv_group_703_14","703.14","Loss on sale and/or write-off of telephone communications equipment","Pérdida en venta y/o baja de equipo de comunicaciones telefónicas"
"l10n_lv_group_703_15","703.15","Loss on sale and/or write-off of satellite communication equipment","Pérdida en venta y/o baja de equipo de comunicación satelital"
"l10n_lv_group_703_16","703.16","Loss on sale and/or write-off of adaptive equipment for people with disabilities","Pérdida en venta y/o baja de equipo de adaptaciones para personas con capacidades diferentes"
"l10n_lv_group_703_17","703.17","Loss on sale and/or write-off of machinery and equipment for the generation of energy from renewable sources or efficient cogeneration of electricity systems","Pérdida en venta y/o baja de maquinaria y equipo de generación de energía de fuentes renovables o de sistemas de cogeneración de electricidad eficiente"
"l10n_lv_group_703_18","703.18","Loss on sale and/or write-off of other machinery and equipment","Pérdida en venta y/o baja de otra maquinaria y equipo"
"l10n_lv_group_703_19","703.19","Loss on disposal of shares","Pérdida por enajenación de acciones"
"l10n_lv_group_703_20","703.20","Loss on disposal of company shares","Pérdida por enajenación de partes sociales"
"l10n_lv_group_703_21","703.21","Other expenditure","Otros gastos"
"l10n_lv_group_704","704","Other products","Otros productos"
"l10n_lv_group_704_01","704.01","Gain on sale and/or disposal of land","Ganancia en venta y/o baja de terrenos"
"l10n_lv_group_704_02","704.02","Gain on sale and/or disposal of buildings","Ganancia en venta y/o baja de edificios"
"l10n_lv_group_704_03","704.03","Gain on sale and/or disposal of machinery and equipment","Ganancia en venta y/o baja de maquinaria y equipo"
"l10n_lv_group_704_04","704.04","Gain on sale and/or divestiture of cars, buses, cargo trucks, tractor-trailers, forklifts and trailers","Ganancia en venta y/o baja de automóviles, autobuses, camiones de carga, tractocamiones, montacargas y remolques"
"l10n_lv_group_704_05","704.05","Gain on sale and/or disposal of office furniture and equipment","Ganancia en venta y/o baja de mobiliario y equipo de oficina"
"l10n_lv_group_704_06","704.06","Gain on sale and/or disposal of computer equipment","Ganancia en venta y/o baja de equipo de cómputo"
"l10n_lv_group_704_07","704.07","Gain on sale and/or disposal of communication equipment","Ganancia en venta y/o baja de equipo de comunicación"
"l10n_lv_group_704_08","704.08","Gain on sale and/or disposal of biological, plant and livestock assets","Ganancia en venta y/o baja de activos biológicos, vegetales y semovientes"
"l10n_lv_group_704_09","704.09","Gain on sale and/or derecognition of other fixed assets","Ganancia en venta y/o baja de otros activos fijos"
"l10n_lv_group_704_10","704.10","Gain on sale and/or divestiture of railways","Ganancia en venta y/o baja de ferrocarriles"
"l10n_lv_group_704_11","704.11","Gain on sale and/or disposal of ships","Ganancia en venta y/o baja de embarcaciones"
"l10n_lv_group_704_12","704.12","Gain on sale and/or disposal of aircraft","Ganancia en venta y/o baja de aviones"
"l10n_lv_group_704_13","704.13","Gain on sale and/or write-off of dies, moulds, dies and tooling","Ganancia en venta y/o baja de troqueles, moldes, matrices y herramental"
"l10n_lv_group_704_14","704.14","Gain on sale and/or disposal of telephone communications equipment","Ganancia en venta y/o baja de equipo de comunicaciones telefónicas"
"l10n_lv_group_704_15","704.15","Gain on sale and/or disposal of satellite communication equipment","Ganancia en venta y/o baja de equipo de comunicación satelital"
"l10n_lv_group_704_16","704.16","Profit on sale and/or disposal of adaptive equipment for people with disabilities","Ganancia en venta y/o baja de equipo de adaptaciones para personas con capacidades diferentes"
"l10n_lv_group_704_17","704.17","Gain on sale of machinery and equipment for the generation of energy from renewable sources or efficient cogeneration of electricity systems","Ganancia en venta de maquinaria y equipo de generación de energía de fuentes renovables o de sistemas de cogeneración de electricidad eficiente"
"l10n_lv_group_704_18","704.18","Gain on sale and/or write-off of other machinery and equipment","Ganancia en venta y/o baja de otra maquinaria y equipo"
"l10n_lv_group_704_19","704.19","Gain on disposal of shares","Ganancia por enajenación de acciones"
"l10n_lv_group_704_20","704.20","Gains on disposal of company shares","Ganancia por enajenación de partes sociales"
"l10n_lv_group_704_21","704.21","Fiscal incentive revenue","Ingresos por estímulos fiscales"
"l10n_lv_group_704_22","704.22","Proceeds from debt write-offs","Ingresos por condonación de adeudo"
"l10n_lv_group_704_23","704.23","Other products","Otros productos"
"l10n_lv_group_8","8","Memorandum Accounts","Cuentas de Orden"
"l10n_lv_group_801","801","UFIN of the financial year","UFIN del ejercicio"
"l10n_lv_group_801_01","801.01","UFIN","UFIN"
"l10n_lv_group_801_02","801.02","Against UFIN account","Contra cuenta UFIN"
"l10n_lv_group_802","802","CUFIN for the year","CUFIN del ejercicio"
"l10n_lv_group_802_01","802.01","CUFIN","CUFIN"
"l10n_lv_group_802_02","802.02","Against CUFIN account","Contra cuenta CUFIN"
"l10n_lv_group_803","803","CUFIN from previous years","CUFIN de ejercicios anteriores"
"l10n_lv_group_803_01","803.01","CUFIN from previous years","CUFIN de ejercicios anteriores"
"l10n_lv_group_803_02","803.02","Against CUFIN account of previous years","Contra cuenta CUFIN de ejercicios anteriores"
"l10n_lv_group_804","804","CUFINRE for the financial year","CUFINRE del ejercicio"
"l10n_lv_group_804_01","804.01","CUFINRE","CUFINRE"
"l10n_lv_group_804_02","804.02","Against CUFINRE account","Contra cuenta CUFINRE"
"l10n_lv_group_805","805","CUFINRE from previous years","CUFINRE de ejercicios anteriores"
"l10n_lv_group_805_01","805.01","CUFINRE from previous years","CUFINRE de ejercicios anteriores"
"l10n_lv_group_805_02","805.02","Against previous years' CUFINRE account","Contra cuenta CUFINRE de ejercicios anteriores"
"l10n_lv_group_806","806","CUCA of the exercise","CUCA del ejercicio"
"l10n_lv_group_806_01","806.01","CUCA","CUCA"
"l10n_lv_group_806_02","806.02","Against CUCA account","Contra cuenta CUCA"
"l10n_lv_group_807","807","CUCA from previous years","CUCA de ejercicios anteriores"
"l10n_lv_group_807_01","807.01","CUCA from previous years","CUCA de ejercicios anteriores"
"l10n_lv_group_807_02","807.02","Against previous years' CUCA account","Contra cuenta CUCA de ejercicios anteriores"
"l10n_lv_group_808","808","Annual cumulative inflation adjustment","Ajuste anual por inflación acumulable"
"l10n_lv_group_808_01","808.01","Annual cumulative inflation adjustment","Ajuste anual por inflación acumulable"
"l10n_lv_group_808_02","808.02","Accumulation of the annual inflationary adjustment","Acumulación del ajuste anual inflacionario"
"l10n_lv_group_809","809","Deductible annual inflation adjustment","Ajuste anual por inflación deducible"
"l10n_lv_group_809_01","809.01","Deductible annual inflation adjustment","Ajuste anual por inflación deducible"
"l10n_lv_group_809_02","809.02","Deduction of the annual inflationary adjustment","Deducción del ajuste anual inflacionario"
"l10n_lv_group_810","810","Investment deduction","Deducción de inversión"
"l10n_lv_group_810_01","810.01","Investment deduction","Deducción de inversión"
"l10n_lv_group_810_02","810.02","Against investment deduction account","Contra cuenta deducción de inversiones"
"l10n_lv_group_811","811","Tax gain or loss on sale and/or derecognition of fixed assets","Utilidad o pérdida fiscal en venta y/o baja de activo fijo"
"l10n_lv_group_811_01","811.01","Tax gain or loss on sale and/or derecognition of fixed assets","Utilidad o pérdida fiscal en venta y/o baja de activo fijo"
"l10n_lv_group_811_02","811.02","Against tax profit or loss on sale and/or derecognition of fixed assets","Contra cuenta utilidad o pérdida fiscal en venta y/o baja de activo fijo"
"l10n_lv_group_812","812","Taxable gain or loss on sale of shares or interests","Utilidad o pérdida fiscal en venta acciones o partes sociales"
"l10n_lv_group_812_01","812.01","Taxable gain or loss on sale of shares or interests","Utilidad o pérdida fiscal en venta acciones o partes sociales"
"l1a_lv_group_812_02","812.02","Against taxable profit or loss on sale of shares or interests in companies","Contra cuenta utilidad o pérdida fiscal en venta acciones o partes sociales"
"l10n_lv_group_813","813","Tax loss carry forwards carried forward from previous years","Pérdidas fiscales pendientes de amortizar actualizadas de ejercicios anteriores"
"l10n_lv_group_813_01","813.01","Tax loss carry forwards carried forward from previous years","Pérdidas fiscales pendientes de amortizar actualizadas de ejercicios anteriores"
"l10n_lv_group_813_02","813.02","Restatement of tax loss carryforwards from prior years","Actualización de pérdidas fiscales pendientes de amortizar de ejercicios anteriores"
"l10n_lv_group_814","814","Goods received on consignment","Mercancías recibidas en consignación"
"l10n_lv_group_814_01","814.01","Goods received on consignment","Mercancías recibidas en consignación"
"l10n_lv_group_814_02","814.02","Consignment of goods received","Consignación de mercancías recibidas"
"l10n_lv_group_815","815","VAT and IEPS tax credit on the import of goods for certified companies","Crédito fiscal de IVA e IEPS por la importación de mercancías para empresas certificadas"
"l10n_lv_group_815_01","815.01","VAT and IEPS tax credit for the importation of goods","Crédito fiscal de IVA e IEPS por la importación de mercancías"
"l10n_lv_group_815_02","815.02","Importation of goods with application of VAT and IEPS tax credit","Importación de mercancías con aplicación de crédito fiscal de IVA e IEPS"
"l10n_lv_group_816","816","VAT and IEPS tax credit for the importation of fixed assets for certified companies","Crédito fiscal de IVA e IEPS por la importación de activos fijos para empresas certificadas"
"l10n_lv_group_816_01","816.01","VAT and IEPS tax credit for importing fixed assets","Crédito fiscal de IVA e IEPS por la importación de activo fijo"
"l10n_lv_group_816_02","816.02","Importation of fixed assets with application of VAT and IEPS tax credits","Importación de activo fijo con aplicación de crédito fiscal de IVA e IEPS"
"l10n_lv_group_899","899","Other off-balance sheet items","Otras cuentas de orden"
"l10n_lv_group_899_01","899.01","Other off-balance sheet items","Otras cuentas de orden"
"l10n_lv_group_899_02","899.02","Against other off-balance sheet accounts","Contra cuenta otras cuentas de orden"
